timestamp,glucose,label,p_comp,p_reg,pred
2025-07-09T00:01:25,90,0,2.545186619979594e-10,0.000146954806936598,0
2025-07-09T00:06:26,89,0,1.7966864323101959e-09,0.00011517403553956369,0
2025-07-09T00:11:26,89,0,5.565345554542703e-10,0.0001425286441062574,0
2025-07-09T00:16:26,88,0,1.3560130802887435e-09,0.0002223010264413907,0
2025-07-09T00:21:26,86,0,1.2313614430096748e-08,0.000235798459811028,0
2025-07-09T00:26:26,87,0,3.508312683243837e-10,0.0004072391203285849,0
2025-07-09T00:31:26,88,0,6.871717822280042e-11,0.0005723336095244065,0
2025-07-09T00:36:26,86,0,3.0726667945525885e-09,0.0008283988210452219,0
2025-07-09T00:41:25,84,0,2.2479319969048114e-08,0.0006605952408984384,0
2025-07-09T00:46:26,83,0,9.983010135703134e-09,0.0009104975090959198,0
2025-07-09T00:51:25,82,0,1.2031685206372075e-08,0.015397113322685221,0
2025-07-09T00:56:26,84,0,1.8864803555780958e-10,0.006606111376369856,0
2025-07-09T01:01:26,84,0,4.938604965922159e-10,0.008295626416922,0
2025-07-09T01:06:25,86,0,9.933474405976419e-11,0.0008089884489664795,0
2025-07-09T01:11:26,82,0,9.172900111623136e-08,0.004528696960034502,0
2025-07-09T01:16:26,84,0,1.5092437219307652e-09,0.00048630283600197677,0
2025-07-09T01:21:26,89,0,5.09675423196474e-13,0.000332011886580295,0
2025-07-09T01:26:26,90,0,7.400438330242595e-12,0.00011605242580209846,0
2025-07-09T01:31:26,93,0,1.957772550354813e-12,4.001512206441408e-06,0
2025-07-09T01:36:26,100,0,1.678254273071178e-15,2.9468529523678334e-08,0
2025-07-09T01:41:26,103,0,7.83007206291191e-15,4.5849123412135845e-09,0
2025-07-09T01:46:26,107,0,6.048535587424266e-15,2.5805081022685583e-10,0
2025-07-09T01:51:26,109,0,2.1525539523456327e-14,4.7798321969429543e-11,0
2025-07-09T01:56:26,110,0,1.508853615236074e-13,2.3238766844978716e-11,0
2025-07-09T02:01:26,111,0,5.983096878988262e-14,6.596563513301373e-12,0
2025-07-09T02:06:26,115,0,6.640369832115536e-16,1.6940144163619454e-12,0
2025-07-09T02:11:26,123,0,2.441119374793393e-19,2.1974051395426366e-13,0
2025-07-09T02:16:26,131,0,4.544878199905832e-21,2.7162185758991287e-15,0
2025-07-09T02:21:26,144,0,1.00945159141329e-24,6.830098936119079e-19,0
2025-07-09T02:26:26,154,0,6.548828369341821e-25,4.458834236450416e-21,0
2025-07-09T02:31:26,158,0,1.600878459031302e-21,5.0074835014606923e-23,0
2025-07-09T02:36:26,162,0,1.20509770708923e-20,2.485184251971821e-24,0
2025-07-09T02:41:26,164,0,4.650043457792625e-20,1.6974801521467894e-24,0
2025-07-09T02:46:26,161,0,2.4466020217161958e-17,3.6974057210099687e-23,0
2025-07-09T02:51:26,161,0,3.7622782048428614e-18,1.5011850702884946e-22,0
2025-07-09T02:56:26,158,0,4.397949976268179e-17,1.6372917187368944e-20,0
2025-07-09T03:01:26,154,0,1.909370261529998e-15,1.894264204021305e-18,0
2025-07-09T03:06:26,153,0,1.5793972040924017e-16,7.362870264514869e-17,0
2025-07-09T03:11:25,163,0,3.298983930995011e-23,3.0589738323208864e-17,0
2025-07-09T03:16:26,167,0,8.036030904360666e-23,2.8298845902151564e-16,0
2025-07-09T03:21:26,157,0,2.6280498792836753e-13,3.417590390776312e-15,0
2025-07-09T03:26:26,141,0,1.7693793546727683e-05,4.078473743653085e-13,0
2025-07-09T03:31:26,131,0,2.950155732544265e-06,1.4712456804600378e-10,0
2025-07-09T03:36:26,126,0,2.784896246032596e-10,3.2120514421671583e-07,0
2025-07-09T03:41:26,120,0,1.415526187842286e-10,6.306024436713118e-05,0
2025-07-09T03:46:26,119,0,2.420909904271244e-12,1.2394475582767471e-05,0
2025-07-09T03:51:26,115,0,6.585577016756998e-11,6.766897871359677e-06,0
2025-07-09T03:56:26,115,0,9.042855471899541e-12,4.5285588758594574e-07,0
2025-07-09T04:01:26,130,0,3.45562921875828e-21,4.1342234546132194e-09,0
2025-07-09T04:06:26,137,0,7.960240434793898e-21,1.0327290408903475e-09,0
2025-07-09T04:11:26,139,0,9.472857721072205e-17,2.5746265845527708e-12,0
2025-07-09T04:16:26,145,0,2.5810413956000406e-18,1.6818207877956614e-15,0
2025-07-09T04:21:26,142,0,1.13277848690363e-14,1.7394304172252378e-15,0
2025-07-09T04:26:26,151,0,2.369076527096164e-20,1.8223699114667868e-17,0
2025-07-09T04:31:26,151,0,4.273623176731674e-19,2.7035111085720845e-16,0
2025-07-09T04:36:26,157,0,9.164691040090326e-21,1.3202050826387475e-18,0
2025-07-09T04:41:26,164,0,1.011707064483216e-23,9.926376358801478e-20,0
2025-07-09T04:46:26,168,0,1.306276404591087e-22,1.2921056671594887e-21,0
2025-07-09T04:51:26,173,0,1.1401513334732532e-22,1.5525878248261245e-21,0
2025-07-09T04:56:26,175,0,2.7889124048999185e-21,6.619680865398235e-22,0
2025-07-09T05:01:26,173,0,1.3566366144103021e-18,1.5500436737795339e-21,0
2025-07-09T05:06:26,163,0,6.292555209050695e-13,8.492099245692613e-19,0
2025-07-09T05:11:26,153,0,1.5132067374122176e-10,1.3323933446892153e-16,0
2025-07-09T05:16:26,143,0,8.890784680918461e-10,2.3120019647839577e-12,0
2025-07-09T05:21:26,137,0,2.054183428272796e-11,4.693686601492882e-10,0
2025-07-09T05:26:26,139,0,2.286755590819913e-16,4.196333465683978e-09,0
2025-07-09T05:31:26,142,0,2.2326432245200932e-18,4.284502985503838e-09,0
2025-07-09T05:36:26,150,0,2.8377159757564203e-21,2.7969957552828316e-11,0
2025-07-09T05:41:26,146,0,1.9231774299126888e-15,4.0579985457822505e-11,0
2025-07-09T05:46:26,141,0,1.9610643775019705e-11,4.025063760046256e-12,0
2025-07-09T05:51:26,133,0,3.934053179427892e-09,1.9018711628139351e-10,0
2025-07-09T05:56:26,120,0,4.461381778039645e-05,2.5552234231758886e-08,0
2025-07-09T06:01:26,112,0,2.782235869644792e-06,1.438261336851747e-06,0
2025-07-09T06:06:26,118,0,4.776385403825042e-15,4.0010557091551993e-07,0
2025-07-09T06:11:26,126,0,6.635751058326061e-20,1.1648227857508362e-07,0
2025-07-09T06:16:26,125,0,2.54502575148932e-15,4.072168240046026e-08,0
2025-07-09T06:21:26,127,0,2.5748588075061336e-14,2.9985531835301575e-10,0
2025-07-09T06:26:27,129,0,1.1324319334169666e-14,2.4839604971681955e-10,0
2025-07-09T06:31:27,135,0,1.3484786101302453e-17,3.145587578531768e-11,0
2025-07-09T06:36:26,138,0,9.661958087428071e-18,2.3105145291069106e-11,0
2025-07-09T06:41:26,140,0,7.251795764240609e-17,4.263278917442068e-13,0
2025-07-09T06:46:26,143,0,6.8122038741673535e-18,6.548051668033975e-15,0
2025-07-09T06:51:26,141,0,8.855434063157291e-16,3.2709616959064658e-15,0
2025-07-09T06:56:27,136,0,1.0126671668244075e-12,1.3620565609470933e-13,0
2025-07-09T07:01:26,132,0,4.4021404377460635e-12,8.171438582848858e-12,0
2025-07-09T07:06:26,127,0,1.738045676066079e-11,3.533121715107101e-10,0
2025-07-09T07:11:27,124,0,4.300758556719582e-12,6.8313434530332245e-09,0
2025-07-09T07:16:26,120,0,1.5077028192517477e-11,1.4685478678318444e-07,0
2025-07-09T07:21:26,117,0,3.386824046521552e-11,9.473848316725352e-07,0
2025-07-09T07:26:26,110,0,1.5913887427367304e-08,3.155632756008248e-05,0
2025-07-09T07:31:27,111,0,1.7971828950663406e-11,8.680489823436154e-06,0
2025-07-09T07:36:26,110,0,5.258681625742038e-12,0.00010583722199936266,0
2025-07-09T07:41:26,92,0,0.27125366591372985,0.018375857581367745,0
2025-07-09T07:46:26,84,0,0.1463329713193495,0.010018123421025904,0
2025-07-09T07:51:26,75,0,0.00649452342376606,0.8190437361609534,0
2025-07-09T07:56:27,62,2,0.09630829989923227,0.9026646750307317,0
2025-07-09T08:01:26,55,0,0.0004301282713038776,0.9994551527965166,2
2025-07-09T08:06:26,52,0,2.1436988474045222e-06,0.9998856927188491,2
2025-07-09T08:11:27,56,0,4.3323308680209067e-10,0.9992846287963083,2
2025-07-09T08:16:27,71,0,1.3544990847480483e-15,0.5211042671280506,0
2025-07-09T08:21:27,91,0,1.2029108783958445e-21,4.644829977658559e-05,0
2025-07-09T08:26:26,112,0,5.444764465370531e-25,7.037412330885345e-11,0
2025-07-09T08:31:27,139,0,2.0002291835826746e-31,3.592027005192536e-21,0
2025-07-09T08:36:27,154,0,8.755584691725518e-29,2.8000670300236215e-28,0
2025-07-09T08:41:26,156,0,6.378776462474939e-21,8.189717351993465e-34,0
2025-07-09T08:46:27,170,0,7.310260221522975e-28,9.673535409306156e-44,0
2025-07-09T08:51:27,173,0,2.3105829990849625e-27,3.108151952947981e-47,0
2025-07-09T08:56:26,187,0,8.401531462814856e-34,5.1471270233762634e-55,0
2025-07-09T09:01:26,191,0,2.573736389378838e-31,2.3000166936253215e-54,0
2025-07-09T09:06:27,199,0,2.4973679036475735e-29,1.499096057148965e-53,0
2025-07-09T09:11:26,197,0,2.0543213760444417e-23,1.6548561279339894e-47,0
2025-07-09T09:16:27,194,0,3.8849250090951035e-19,7.349356358907922e-44,0
2025-07-09T09:21:26,187,0,5.213281816286284e-16,2.245697032995412e-36,0
2025-07-09T09:26:26,181,0,3.3740995660097836e-15,9.167549097213e-31,0
2025-07-09T09:31:26,179,0,4.83174210252535e-18,1.6971343315643138e-25,0
2025-07-09T09:36:26,176,0,3.635769122340897e-18,1.6400158776860497e-20,0
2025-07-09T09:41:26,175,0,6.128974735729434e-19,4.110796047536455e-18,0
2025-07-09T09:46:26,181,0,5.001864082916788e-23,2.676602929537737e-17,0
2025-07-09T09:51:27,188,0,2.0039431523381242e-25,8.176886908391404e-18,0
2025-07-09T09:56:27,191,0,1.173774190421706e-23,2.0942914738520705e-18,0
2025-07-09T10:01:26,196,0,4.575375008594284e-24,2.963820754853541e-20,0
2025-07-09T10:06:27,199,0,9.306779486481741e-24,4.017730629926282e-21,0
2025-07-09T10:11:26,195,0,7.834631155556151e-20,8.665893279605053e-21,0
2025-07-09T10:16:27,189,0,3.6820882157461904e-17,3.8867809285878876e-20,0
2025-07-09T10:21:27,180,0,1.2704436333557122e-14,3.642951538490902e-18,0
2025-07-09T10:26:27,173,0,1.1383645132820635e-14,2.687827004490023e-16,0
2025-07-09T10:31:26,170,0,4.434761720206001e-17,1.1760760455512461e-14,0
2025-07-09T10:36:26,156,0,5.937517524489428e-11,1.426755990297161e-11,0
2025-07-09T10:41:26,150,0,1.4197300375483537e-11,2.0962493781550344e-11,0
2025-07-09T10:46:26,140,0,4.6148373329909966e-10,4.659086654042776e-09,0
2025-07-09T10:51:26,136,0,2.0455539278832632e-11,5.3039356833475424e-09,0
2025-07-09T10:56:27,136,0,1.3337799811070678e-14,2.2647837939912548e-08,0
2025-07-09T11:01:27,134,0,1.1061205244692756e-13,3.6008838942848665e-09,0
2025-07-09T11:06:27,128,0,1.9420220358633832e-10,2.028455572778411e-09,0
2025-07-09T11:11:26,118,0,2.9839677900667e-06,2.337022612751734e-09,0
2025-07-09T11:16:26,113,0,2.5609414307589707e-07,4.156169204079175e-09,0
2025-07-09T11:21:27,110,0,2.830171885900091e-09,1.5252096244205473e-07,0
2025-07-09T11:26:27,106,0,5.008352423399501e-09,1.1349074729713794e-06,0
2025-07-09T11:31:27,102,0,2.589859644491725e-08,4.385769231867753e-06,0
2025-07-09T11:36:26,96,0,1.6167402846317923e-06,1.7609415762273774e-05,0
2025-07-09T11:41:27,89,0,8.482285684015582e-05,0.00028499243268983906,0
2025-07-09T11:46:26,82,0,0.0007711472425340748,0.014494436420225739,0
2025-07-09T11:51:26,75,0,0.002343338489090524,0.4604149111794304,0
2025-07-09T11:56:27,70,0,0.00015664276133551134,0.8941639449019391,0
2025-07-09T12:01:26,62,2,0.0007392771136504863,0.9934599727155078,0
2025-07-09T12:06:26,58,0,0.00012527833582291024,0.995007499358881,0
2025-07-09T12:11:27,57,0,4.650188257738201e-07,0.9979052980278971,2
2025-07-09T12:16:27,63,0,1.769447589124659e-10,0.9687809916212222,0
2025-07-09T12:21:27,82,0,6.078341204265227e-19,0.008612013229748354,0
2025-07-09T12:26:27,105,0,4.579413494162291e-26,2.61764764682696e-08,0
2025-07-09T12:31:27,128,0,2.3073893998541874e-29,2.0583391993077114e-16,0
2025-07-09T12:36:26,132,0,2.0209064212552373e-20,4.1098333763168805e-21,0
2025-07-09T12:41:27,136,0,3.531450248499974e-17,9.305265524410522e-27,0
2025-07-09T12:46:27,163,0,5.475843559728602e-33,2.8545910913859045e-35,0
2025-07-09T12:51:26,199,0,9.820953432821446e-49,1.783861626158571e-48,0
2025-07-09T12:56:27,226,0,1.1133978229723149e-50,2.925665671394713e-63,0
2025-07-09T13:01:26,234,0,1.0280499647974546e-39,1.4349519750134316e-74,0
2025-07-09T13:06:27,231,0,8.567836015668232e-28,4.012084586907956e-77,0
2025-07-09T13:11:27,226,0,7.645018033228236e-22,1.493528173414746e-69,0
2025-07-09T13:16:26,209,0,2.581987539740225e-13,2.2147921771266653e-57,0
2025-07-09T13:21:27,197,0,2.6812618645769896e-12,4.839536895141766e-48,0
2025-07-09T13:26:27,181,0,1.2634915622638603e-10,7.970298726503605e-39,0
2025-07-09T13:31:27,165,0,1.5942153445607494e-08,8.643144806862034e-31,0
2025-07-09T13:36:26,152,0,1.5537840122863838e-08,1.036083755332739e-21,0
2025-07-09T13:41:26,152,0,8.044671735682179e-15,3.809199479060024e-17,0
2025-07-09T13:46:27,149,0,2.1823047132922336e-15,2.642421600435829e-13,0
2025-07-09T13:51:27,151,0,1.2032766619425976e-16,2.878263831032205e-14,0
2025-07-09T13:56:27,158,0,3.0499952777596815e-20,1.3750727990831977e-15,0
2025-07-09T14:01:27,162,0,1.0705257187173347e-19,9.865487426268796e-17,0
2025-07-09T14:06:27,168,0,1.0710945908400645e-20,5.04812016467047e-19,0
2025-07-09T14:11:27,168,0,3.954404393160508e-18,5.66418923558599e-20,0
2025-07-09T14:16:27,166,0,5.440817731475805e-16,2.075641451995574e-20,0
2025-07-09T14:21:27,155,0,8.592452371224155e-11,8.859605879504582e-18,0
2025-07-09T14:26:26,149,0,2.4237431295455514e-11,2.3966690667766277e-16,0
2025-07-09T14:31:28,143,0,2.1201533968127317e-12,2.072909203750771e-12,0
2025-07-09T14:36:28,144,0,3.4217728433717054e-16,1.4647866006779923e-11,0
2025-07-09T14:41:28,150,0,8.793046777143566e-21,2.7404727666638173e-11,0
2025-07-09T14:46:28,151,0,7.778765701228856e-19,1.3763196611660138e-11,0
2025-07-09T14:51:28,147,0,1.9100692193260534e-14,5.776023586719002e-12,0
2025-07-09T14:56:28,146,0,2.427619151818e-14,2.1803243554806433e-12,0
2025-07-09T15:01:28,141,0,1.251998751846399e-12,6.485917096555914e-11,0
2025-07-09T15:06:28,137,0,3.4329596481001892e-12,5.298451182168012e-10,0
2025-07-09T15:11:28,133,0,2.5601380121662646e-12,2.64674378130284e-09,0
2025-07-09T15:16:28,129,0,6.812108218411189e-12,5.8770146121975755e-09,0
2025-07-09T15:21:28,125,0,1.2986587381485505e-11,2.3574536857468418e-08,0
2025-07-09T15:26:28,123,0,3.325199604311237e-12,5.7561399610749824e-08,0
2025-07-09T15:31:28,120,0,1.3198324960688551e-11,6.65417308297892e-07,0
2025-07-09T15:36:28,123,0,1.7116673011877203e-14,1.7699460967596955e-07,0
2025-07-09T15:41:28,119,0,7.296265040787873e-12,1.2130341497902116e-06,0
2025-07-09T15:46:28,118,0,1.627654740309442e-11,1.507471677333258e-07,0
2025-07-09T15:51:28,120,0,6.613496654144737e-14,7.66911208356313e-08,0
2025-07-09T15:56:28,125,0,1.6606379418135e-16,5.586427694776074e-09,0
2025-07-09T16:01:28,125,0,6.6675490580924154e-15,7.084031393678846e-09,0
2025-07-09T16:06:28,133,0,1.868699744777473e-18,1.2495746060737957e-11,0
2025-07-09T16:11:29,137,0,1.0639675285266285e-18,2.984762886547226e-12,0
2025-07-09T16:16:28,136,0,2.62730613589954e-15,6.344380566982738e-13,0
2025-07-09T16:21:28,135,0,2.141106011429182e-14,3.6097681552801305e-13,0
2025-07-09T16:26:28,134,0,3.2455256449533646e-14,1.2919671358689977e-12,0
2025-07-09T16:31:28,134,0,3.1853947454091264e-15,3.401729099827503e-12,0
2025-07-09T16:36:28,132,0,1.7866065263199963e-14,2.1125504076083254e-11,0
2025-07-09T16:41:28,138,0,1.6449930079366127e-18,1.1259643057174349e-12,0
2025-07-09T16:46:28,149,0,1.1582061233992917e-23,5.135307210507121e-14,0
2025-07-09T16:51:28,147,0,5.708165925337968e-18,5.0682243170322685e-14,0
2025-07-09T16:56:28,147,0,9.715022528991028e-16,3.3986136459284865e-15,0
2025-07-09T17:01:29,145,0,8.240484980559582e-15,2.3541299512608562e-14,0
2025-07-09T17:06:28,145,0,1.1037515817192195e-15,5.721777419518634e-14,0
2025-07-09T17:11:28,149,0,4.443713181260541e-19,1.4930518677207876e-13,0
2025-07-09T17:16:27,151,0,4.2756463558342225e-19,6.233736126420429e-14,0
2025-07-09T17:21:27,151,0,1.2735431218003422e-17,2.280811869701062e-14,0
2025-07-09T17:26:27,152,0,1.0161381826352892e-17,3.4767668260984013e-15,0
2025-07-09T17:31:27,155,0,4.715431864752727e-19,2.7128784767606743e-15,0
2025-07-09T17:36:27,158,0,1.1406884050269956e-19,8.370719139459952e-15,0
2025-07-09T17:41:27,166,0,5.036048981355855e-23,1.2106998817239557e-16,0
2025-07-09T17:46:27,172,0,1.1781115520583966e-23,6.894235030520628e-18,0
2025-07-09T17:51:27,170,0,4.76200299919042e-19,1.842553564778727e-18,0
2025-07-09T17:56:27,169,0,8.990152548700783e-18,5.620748998968254e-19,0
2025-07-09T18:01:27,172,0,2.5051425111062015e-20,9.064833517089806e-19,0
2025-07-09T18:06:27,167,0,4.4343662431436194e-17,9.746613088439671e-17,0
2025-07-09T18:11:27,158,0,1.0065154564603422e-12,2.917696876928982e-15,0
2025-07-09T18:16:28,149,0,6.300978785244008e-11,1.9197812556450658e-13,0
2025-07-09T18:21:27,140,0,4.685204390737905e-10,6.490720753638208e-11,0
2025-07-09T18:26:27,138,0,1.5919046814122038e-13,2.156140649697165e-09,0
2025-07-09T18:31:28,134,0,2.1345542840730716e-13,1.2406921720453177e-07,0
2025-07-09T18:36:29,134,0,1.9619382210116583e-14,3.289752381797239e-08,0
2025-07-09T18:41:28,135,0,1.5313687292081739e-15,9.595789009443394e-09,0
2025-07-09T18:46:28,135,0,7.656701610468763e-15,1.365949255123194e-09,0
2025-07-09T18:51:28,131,0,4.341303721965596e-12,3.1947564947378243e-09,0
2025-07-09T18:56:28,128,0,2.6852175917026946e-11,1.3290314713630442e-09,0
2025-07-09T19:01:28,125,0,2.042557044306723e-11,4.216279839769121e-09,0
2025-07-09T19:06:29,122,0,2.2341742077797656e-11,1.4573840654489013e-08,0
2025-07-09T19:11:28,115,0,6.427713389025477e-09,2.0433305498220002e-07,0
2025-07-09T19:16:28,104,0,7.543242353492209e-05,8.619314701890605e-06,0
2025-07-09T19:21:28,98,0,6.913765812291556e-06,0.00012639320927347985,0
2025-07-09T19:26:28,91,0,8.631644613194397e-06,0.029184094599297262,0
2025-07-09T19:31:28,82,0,0.0005292120055043385,0.6419105692347254,0
2025-07-09T19:36:28,79,0,3.982935578581872e-06,0.7520247644127402,0
2025-07-09T19:41:28,76,0,5.08136579702881e-07,0.8672510424595217,0
2025-07-09T19:46:28,74,0,6.675988633673414e-07,0.798213581232446,0
2025-07-09T19:51:28,74,0,1.761131811152526e-07,0.5302469101666102,0
2025-07-09T19:56:28,76,0,1.715844386564356e-08,0.11071912728110254,0
2025-07-09T20:01:28,80,0,2.611909068881472e-10,0.011067647971205675,0
2025-07-09T20:06:28,81,0,1.7146875162706404e-09,0.001767138091058947,0
2025-07-09T20:11:28,81,0,2.0835120772983824e-08,0.0003291511314543094,0
2025-07-09T20:16:28,82,0,4.700296567213929e-09,0.00010182658231811878,0
2025-07-09T20:21:28,82,0,2.919289002787264e-09,6.168172941761039e-05,0
2025-07-09T20:26:29,88,0,4.389464849668426e-13,4.281814540457769e-06,0
2025-07-09T20:31:29,90,0,6.984822164057865e-13,3.081031243886138e-06,0
2025-07-09T20:36:29,100,0,3.1916558920204734e-17,9.857151311139124e-10,0
2025-07-09T20:41:29,98,0,8.553766202522163e-13,6.980989171869533e-09,0
2025-07-09T20:46:29,101,0,9.304020085081105e-13,5.317436418180099e-11,0
2025-07-09T20:51:29,105,0,7.0748690438595634e-15,1.5392532834889206e-10,0
2025-07-09T20:56:28,111,0,9.185835733873653e-17,4.5948072854124e-12,0
2025-07-09T21:01:28,110,0,5.149154419315501e-14,2.300111810719518e-11,0
2025-07-09T21:06:28,111,0,2.307757869445627e-13,1.2842118698633816e-12,0
2025-07-09T21:11:28,115,0,6.690750301454046e-16,3.801378023953084e-13,0
2025-07-09T21:16:29,114,0,8.192278409191183e-14,1.2169013287219348e-11,0
2025-07-09T21:21:29,113,0,9.563734390608905e-13,2.7386367842819488e-11,0
2025-07-09T21:26:28,107,0,3.642305851381005e-09,9.280195662303595e-09,0
2025-07-09T21:31:28,100,0,5.781806459341014e-07,2.1359794696987633e-07,0
2025-07-09T21:36:28,96,0,5.594271025194404e-08,2.605345093165454e-05,0
2025-07-09T21:41:29,92,0,3.861445280703366e-08,0.0027044395075791054,0
2025-07-09T21:46:29,89,0,3.4495493941058204e-08,0.05630423117297368,0
2025-07-09T21:51:28,92,0,1.7782115372748004e-11,0.010732045339261469,0
2025-07-09T21:56:29,95,0,8.842063669154255e-13,0.0031768482217138455,0
2025-07-09T22:01:28,100,0,5.773530174264073e-14,0.00013909403618225834,0
2025-07-09T22:06:28,105,0,1.0071474422211808e-14,3.5991012561957195e-06,0
2025-07-09T22:11:29,111,0,1.1433867907122375e-15,3.302817022968723e-08,0
2025-07-09T22:16:28,117,0,8.770326649773018e-17,3.670104657937928e-10,0
2025-07-09T22:21:29,124,0,2.384638783404009e-18,8.707861634962119e-13,0
2025-07-09T22:26:29,117,0,3.518203623220682e-11,7.927014082818773e-12,0
2025-07-09T22:31:29,115,0,1.0422430909290687e-10,6.926338854194605e-13,0
2025-07-09T22:36:28,110,0,2.9029402847377924e-10,1.1159708351500007e-10,0
2025-07-09T22:41:29,106,0,7.84836828886337e-10,6.808865552845158e-09,0
2025-07-09T22:46:29,105,0,1.0711018511175668e-11,2.990326787537588e-07,0
2025-07-09T22:51:29,110,0,2.0924266177389438e-15,7.076829439877239e-08,0
2025-07-09T22:56:29,105,0,5.796268687895526e-11,4.78260739273444e-06,0
2025-07-09T23:01:29,92,0,0.0057731937381918265,0.0002590499684087019,0
2025-07-09T23:06:29,98,0,5.2396772482242735e-11,2.1254210334867602e-05,0
2025-07-09T23:11:28,112,0,1.6209112539149992e-20,1.7089182912546006e-05,0
2025-07-09T23:16:29,129,0,7.627399056645349e-26,3.366317981892045e-09,0
2025-07-09T23:21:28,135,0,2.6856075074153e-21,2.7033194803596376e-12,0
2025-07-09T23:26:29,137,0,1.8635758619950987e-16,1.234676923151676e-16,0
2025-07-09T23:31:29,140,0,9.749099189898733e-17,3.432904828444069e-18,0
2025-07-09T23:36:29,143,0,6.399546199954857e-18,3.7156157133895795e-18,0
2025-07-09T23:41:29,146,0,9.406576639133681e-19,2.295846656314942e-17,0
2025-07-09T23:46:29,148,0,6.785896566576693e-19,2.0698523274157388e-18,0
2025-07-09T23:51:29,146,0,3.5312803971367585e-17,4.2712640935013785e-20,0
2025-07-09T23:56:28,136,0,4.977029052850129e-11,3.3183706694126226e-17,0
2025-07-10T00:01:28,130,0,3.139246570385207e-10,2.5071066756901182e-14,0
2025-07-10T00:06:28,128,0,1.1842849535291793e-12,5.165723825225844e-11,0
2025-07-10T00:11:27,133,0,1.569613569425553e-17,1.5437817973628257e-10,0
2025-07-10T00:16:28,135,0,1.124127555256615e-17,3.5513662588760526e-10,0
2025-07-10T00:21:27,131,0,4.1204144298767355e-13,3.9046035660075123e-10,0
2025-07-10T00:26:27,121,0,1.6237087753814962e-07,1.0627372689380794e-08,0
2025-07-10T00:31:28,111,0,3.99719094615304e-05,8.165707203557649e-07,0
2025-07-10T00:36:27,106,0,2.0550662222422656e-07,0.00010498414854331245,0
2025-07-10T00:41:28,104,0,5.079840125847256e-10,0.002616624277672534,0
2025-07-10T00:46:27,104,0,1.0755182205572416e-11,0.0010991890852055735,0
2025-07-10T00:51:27,104,0,8.642638968546139e-12,0.00011470618075157809,0
2025-07-10T00:56:27,108,0,9.420313520819401e-14,2.168483747223844e-06,0
2025-07-10T01:01:28,110,0,1.6646910124610448e-13,1.4574616509312973e-06,0
2025-07-10T01:06:28,111,0,1.6366165810878932e-12,4.442463946720582e-07,0
2025-07-10T01:11:27,110,0,2.7330473253375644e-11,4.053484672780993e-07,0
2025-07-10T01:16:27,110,0,1.3797645492279308e-11,7.837839271772457e-08,0
2025-07-10T01:21:27,111,0,6.807930599378502e-13,3.1817561315228476e-08,0
2025-07-10T01:26:28,108,0,4.556140290587233e-11,9.802477630900749e-08,0
2025-07-10T01:31:28,107,0,3.383697309006755e-11,8.349782811168158e-08,0
2025-07-10T01:36:28,107,0,3.815756087516765e-12,2.6506106576294176e-07,0
2025-07-10T01:41:28,108,0,5.338968948662959e-13,3.3070793953107834e-07,0
2025-07-10T01:46:28,102,0,4.97900078815962e-09,2.018054207086996e-05,0
2025-07-10T01:51:28,98,0,7.39309756321228e-08,3.375392548430031e-05,0
2025-07-10T01:56:28,96,0,4.4924038133612345e-09,0.00036624541410601127,0
2025-07-10T02:01:28,94,0,2.2602538949111083e-09,0.002220573097533124,0
2025-07-10T02:06:28,93,0,7.864297442883768e-10,0.005885045266108294,0
2025-07-10T02:11:28,93,0,2.948916300432554e-10,0.0034768696364745996,0
2025-07-10T02:16:28,94,0,5.6136832906391247e-11,0.000830360324830334,0
2025-07-10T02:21:28,95,0,3.1003665487952647e-11,0.00033564976098406644,0
2025-07-10T02:26:28,95,0,1.237606577565176e-10,0.0001914379352682772,0
2025-07-10T02:31:28,96,0,6.218957129988272e-11,8.592773191273473e-05,0
2025-07-10T02:36:28,98,0,4.805010217238259e-12,1.3447088505637813e-05,0
2025-07-10T02:41:28,102,0,7.26443539841257e-14,9.93567883429209e-07,0
2025-07-10T02:46:28,110,0,2.930669880974146e-17,1.0977493031430122e-08,0
2025-07-10T02:51:28,113,0,5.205547664915528e-16,9.37085559936942e-10,0
2025-07-10T02:56:28,116,0,3.121839394212225e-15,1.486737360929757e-11,0
2025-07-10T03:01:27,115,0,3.4785555676940435e-13,1.6949402380531265e-11,0
2025-07-10T03:06:28,118,0,1.0116049594794219e-14,2.541725033707156e-12,0
2025-07-10T03:11:28,121,0,2.9670479786008497e-16,5.308503217039993e-12,0
2025-07-10T03:16:28,121,0,7.386783830445898e-15,4.113432109170476e-12,0
2025-07-10T03:21:28,117,0,7.775026912723343e-12,2.56544765124254e-11,0
2025-07-10T03:26:28,112,0,8.523766964145519e-10,2.925150646161484e-10,0
2025-07-10T03:31:27,105,0,7.049750831806372e-08,9.996004273188815e-08,0
2025-07-10T03:36:28,102,0,4.564178143028064e-09,8.780919674623739e-06,0
2025-07-10T03:41:28,109,0,1.1978698840420522e-15,4.588534882295789e-06,0
2025-07-10T03:46:28,110,0,9.869008347639526e-15,1.8841875023472006e-05,0
2025-07-10T03:51:28,110,0,1.2195766161491331e-12,7.507006479997624e-07,0
2025-07-10T03:56:28,109,0,2.0899169420191264e-11,4.268884251925751e-07,0
2025-07-10T04:01:28,107,0,2.8520252513569793e-10,9.085945585309385e-07,0
2025-07-10T04:06:28,106,0,8.713531951069083e-11,5.751150344389141e-06,0
2025-07-10T04:11:28,107,0,2.8353805687992565e-12,4.039906427908213e-06,0
2025-07-10T04:16:28,108,0,5.743437202615069e-13,1.762550149346825e-06,0
2025-07-10T04:21:28,109,0,3.109125787890285e-13,1.9546562583923413e-07,0
2025-07-10T04:26:28,111,0,6.039223662387597e-14,2.2490347441226033e-08,0
2025-07-10T04:31:28,104,0,1.1531348314549632e-08,2.258207288895073e-06,0
2025-07-10T04:36:28,101,0,2.297977032684261e-08,2.973929074313279e-06,0
2025-07-10T04:41:28,96,0,7.466548084143187e-08,0.00028943543498249886,0
2025-07-10T04:46:28,96,0,5.236625928570906e-10,0.00040919329404528966,0
2025-07-10T04:51:28,105,0,9.819719070569135e-17,3.0318672281602238e-05,0
2025-07-10T04:56:29,115,0,5.826664423160722e-20,1.5860203371617037e-07,0
2025-07-10T05:01:28,124,0,2.448856170377158e-20,1.8771847114220465e-10,0
2025-07-10T05:06:28,119,0,3.074069506394914e-12,9.619600405670197e-11,0
2025-07-10T05:11:28,111,0,1.0629747239247736e-06,1.297652308009627e-10,0
2025-07-10T05:16:28,110,0,7.757631232509749e-10,3.272703418376241e-09,0
2025-07-10T05:21:28,111,0,2.917334415258633e-13,4.653464945632409e-08,0
2025-07-10T05:26:28,113,0,5.941889961533217e-15,7.889354217691944e-08,0
2025-07-10T05:31:28,116,0,6.033304295807759e-16,1.7985985475648503e-09,0
2025-07-10T05:36:28,117,0,7.0413951397632886e-15,1.6993962924416546e-10,0
2025-07-10T05:41:28,110,0,2.770134003228632e-09,1.4903624458442582e-08,0
2025-07-10T05:46:28,106,0,2.4680783368739043e-08,2.1522349559545293e-07,0
2025-07-10T05:51:28,107,0,1.578424279394198e-11,5.264058894828164e-06,0
2025-07-10T05:56:28,109,0,1.2196475521292497e-13,8.395190867447957e-06,0
2025-07-10T06:01:28,113,0,1.5383895960982137e-15,4.2350694917334795e-07,0
2025-07-10T06:06:28,124,0,2.7187972110995066e-20,4.4536103949785725e-10,0
2025-07-10T06:11:28,123,0,1.7375344248099445e-15,4.4048805399715473e-10,0
2025-07-10T06:16:28,125,0,2.116220683166213e-14,5.608629218045972e-12,0
2025-07-10T06:21:28,122,0,2.8363315395851737e-12,1.1380577139473494e-10,0
2025-07-10T06:26:29,130,0,1.3628123181266433e-17,1.9727760915587113e-12,0
2025-07-10T06:31:28,130,0,8.245392505362537e-17,2.6161040865021996e-11,0
2025-07-10T06:36:28,126,0,1.1791457336817285e-12,3.783158468168458e-12,0
2025-07-10T06:41:28,116,0,8.448860491056144e-08,5.426366767233352e-10,0
2025-07-10T06:46:28,110,0,1.1081566983365624e-07,8.57603768744699e-09,0
2025-07-10T06:51:28,106,0,1.6677404722961244e-09,6.970108316904859e-06,0
2025-07-10T06:56:29,104,0,1.6236431192248793e-10,0.000394214190460212,0
2025-07-10T07:01:28,102,0,1.2540502370216398e-10,0.0010795063152437695,0
2025-07-10T07:06:28,102,0,3.9701400055656825e-11,0.0003026435016295628,0
2025-07-10T07:11:28,103,0,5.688860858755375e-12,7.551290127422495e-05,0
2025-07-10T07:16:28,110,0,1.6548414070679553e-15,5.025736862908539e-06,0
2025-07-10T07:21:28,112,0,1.9762191616269384e-14,2.4720780589997795e-06,0
2025-07-10T07:26:28,113,0,7.384621743101004e-13,7.60321717168235e-08,0
2025-07-10T07:31:29,112,0,8.75464071139366e-12,1.509935152607482e-08,0
2025-07-10T07:36:28,112,0,4.609575772239134e-12,4.26685237478136e-09,0
2025-07-10T07:41:29,108,0,2.410703654782449e-10,7.618594101740057e-08,0
2025-07-10T07:46:28,110,0,7.738534000331984e-13,2.153760864559098e-08,0
2025-07-10T07:51:29,110,0,2.436640046885392e-13,1.192202515921307e-07,0
2025-07-10T07:56:28,109,0,3.073583280221495e-12,1.0165088390467733e-07,0
2025-07-10T08:01:28,105,0,4.5483607128018217e-10,8.212057887195113e-07,0
2025-07-10T08:06:28,107,0,3.310058674227003e-12,4.6617141216748143e-07,0
2025-07-10T08:11:28,105,0,2.0870340017278708e-11,1.2962603291170757e-05,0
2025-07-10T08:16:28,108,0,2.8229446064759173e-13,1.4445053485191332e-06,0
2025-07-10T08:21:29,110,0,4.333534586716034e-14,1.1758821443708931e-06,0
2025-07-10T08:26:29,110,0,1.1786934721453107e-12,2.641899011976262e-07,0
2025-07-10T08:31:28,111,0,5.15324820212985e-13,5.8341134701257044e-08,0
2025-07-10T08:36:28,110,0,5.610957034265934e-12,1.0797749198560622e-07,0
2025-07-10T08:41:28,114,0,1.430352100385069e-14,1.7190856881010614e-08,0
2025-07-10T08:46:28,117,0,1.2773077507375284e-15,1.1254837905471148e-08,0
2025-07-10T08:51:29,118,0,1.3318114293002934e-14,1.0654034760920188e-09,0
2025-07-10T08:56:30,122,0,5.193272516804354e-16,1.0430032834821615e-10,0
2025-07-10T09:01:29,119,0,6.962517476956149e-13,2.759674284248555e-10,0
2025-07-10T09:06:30,121,0,4.4798413072271294e-14,6.82301933751026e-11,0
2025-07-10T09:11:30,125,0,1.102889953466848e-16,8.751708144522993e-11,0
2025-07-10T09:16:29,124,0,1.4954180358296234e-14,1.3575590475730015e-10,0
2025-07-10T09:21:29,122,0,7.390800565131869e-13,2.119510417472548e-10,0
2025-07-10T09:26:29,120,0,2.4511958281096622e-12,2.891573374747652e-10,0
2025-07-10T09:31:29,119,0,1.0072638670502615e-12,2.5129383408021086e-09,0
2025-07-10T09:36:30,119,0,1.4561592799042297e-13,1.7306753829176088e-08,0
2025-07-10T09:41:30,122,0,1.6138626007846266e-15,6.1598476062520706e-09,0
2025-07-10T09:46:30,123,0,4.46516933625419e-15,8.276246861624613e-09,0
2025-07-10T09:51:29,124,0,1.0629373079540331e-14,8.938043866448373e-10,0
2025-07-10T09:56:29,127,0,6.944340064576235e-16,2.2387134587766757e-10,0
2025-07-10T10:01:29,135,0,1.7481007626036388e-19,1.097266536472311e-11,0
2025-07-10T10:06:29,142,0,6.542250719796325e-21,5.158510318655671e-13,0
2025-07-10T10:11:29,148,0,8.474004536127098e-21,2.875157360886944e-15,0
2025-07-10T10:16:29,151,0,2.1103479869862518e-19,7.15173505560962e-17,0
2025-07-10T10:21:29,152,0,6.1332158304645205e-18,8.344553169761865e-18,0
2025-07-10T10:26:29,155,0,4.0444484070479045e-19,2.5687288697203165e-18,0
2025-07-10T10:31:29,167,0,2.069816878123669e-25,3.2513291888079677e-20,0
2025-07-10T10:36:29,179,0,9.845305690331209e-29,2.279103427121713e-22,0
2025-07-10T10:41:30,183,0,4.720857828135081e-25,1.8363978501995853e-24,0
2025-07-10T10:46:30,180,0,2.852027339420792e-19,2.5931058019450324e-25,0
2025-07-10T10:51:29,179,0,1.972752173262791e-18,5.758772529857028e-25,0
2025-07-10T10:56:30,175,0,2.2075216282065357e-17,4.293981062785711e-22,0
2025-07-10T11:01:30,176,0,9.774171328910142e-20,9.950961771665163e-21,0
2025-07-10T11:06:30,172,0,3.696878050479526e-18,1.8997300377578565e-18,0
2025-07-10T11:11:28,166,0,2.2716366005795826e-15,1.9201905649542873e-17,0
2025-07-10T11:16:28,158,0,3.7250800049557817e-13,3.598606008281678e-15,0
2025-07-10T11:21:29,149,0,4.9143428596248096e-11,1.4457686255539867e-12,0
2025-07-10T11:26:29,142,0,4.230877776169459e-11,4.985491017232903e-10,0
2025-07-10T11:31:29,139,0,4.287572283932995e-13,7.379701690342196e-09,0
2025-07-10T11:36:28,138,0,1.0727692370617996e-14,1.3878563880901364e-08,0
2025-07-10T11:41:29,137,0,1.0793660502133332e-14,6.695089844219806e-09,0
2025-07-10T11:46:28,136,0,3.184385429037128e-14,9.728967366810025e-10,0
2025-07-10T11:51:28,136,0,2.2906615298528772e-14,2.293543577221792e-10,0
2025-07-10T11:56:29,134,0,2.477048891297821e-13,2.6629001683554757e-10,0
2025-07-10T12:01:29,140,0,1.650682382578796e-17,1.2234727552838751e-11,0
2025-07-10T12:06:29,138,0,3.057637279280252e-15,6.767184924049622e-11,0
2025-07-10T12:11:29,135,0,8.616143102878829e-13,1.1339878499123782e-11,0
2025-07-10T12:16:28,139,0,1.197461931356209e-16,1.8676536394973557e-12,0
2025-07-10T12:21:29,144,0,3.1771174267149105e-19,9.365229085223413e-13,0
2025-07-10T12:26:29,144,0,2.9726192070068594e-17,2.3742170567417917e-12,0
2025-07-10T12:31:28,145,0,1.1892258138742864e-16,2.545962340522812e-13,0
2025-07-10T12:36:29,143,0,4.425025659780636e-15,4.337587666286831e-13,0
2025-07-10T12:41:29,136,0,1.9956401334039372e-11,1.2019923924273314e-11,0
2025-07-10T12:46:28,129,0,6.071289232971057e-10,3.8552812847910065e-10,0
2025-07-10T12:51:29,127,0,3.5980147818317552e-12,8.741283222931721e-09,0
2025-07-10T12:56:28,124,0,1.2163570865720403e-12,2.26899899782852e-07,0
2025-07-10T13:01:29,120,0,1.6209769581828462e-11,6.675847105625666e-07,0
2025-07-10T13:06:29,115,0,6.502791378220935e-10,3.281779394005207e-06,0
2025-07-10T13:11:29,110,0,8.3228100234703e-09,1.8438142360873258e-05,0
2025-07-10T13:16:29,103,0,4.618166408827482e-07,0.0004020948219614885,0
2025-07-10T13:21:29,99,0,1.3561109701375626e-07,0.0016638435457342214,0
2025-07-10T13:26:29,94,0,3.6724315777836014e-07,0.017277063628940836,0
2025-07-10T13:31:29,91,0,1.5908270634275613e-07,0.012054092372469918,0
2025-07-10T13:36:29,91,0,2.249824378257927e-09,0.005245218536766192,0
2025-07-10T13:41:29,94,0,1.4301302535047052e-11,0.0008562143299836902,0
2025-07-10T13:46:29,93,0,4.996524099327816e-10,0.0008688968700288793,0
2025-07-10T13:51:29,95,0,1.0721813617238776e-10,4.776925877969769e-05,0
2025-07-10T13:56:29,96,0,5.43809872400027e-11,3.411819337504901e-05,0
2025-07-10T14:01:29,104,0,3.1319444832064097e-15,3.8800863785426774e-07,0
2025-07-10T14:06:29,107,0,5.687945994063759e-15,1.3575236634755966e-07,0
2025-07-10T14:11:29,111,0,7.929171730805313e-15,9.000157879395593e-10,0
2025-07-10T14:16:29,110,0,9.928964127515412e-13,5.371847844097127e-10,0
2025-07-10T14:21:29,104,0,1.2558069272426622e-08,1.90940236387247e-09,0
2025-07-10T14:26:29,107,0,9.857085336631528e-13,1.3389208994115123e-09,0
2025-07-10T14:31:29,112,0,2.4895454253026534e-16,4.48114433460585e-09,0
2025-07-10T14:36:29,111,0,7.230921073944962e-14,7.820941530758568e-09,0
2025-07-10T14:41:29,108,0,4.8929211218662574e-11,7.601734082712725e-09,0
2025-07-10T14:46:29,108,0,8.808154202508261e-12,3.0344719929358507e-09,0
2025-07-10T14:51:29,108,0,2.5140086914065807e-12,9.810573267276142e-08,0
2025-07-10T14:56:29,109,0,4.5281577290205077e-13,3.198978572056413e-07,0
2025-07-10T15:01:29,110,0,3.160738674272768e-13,4.323846935026538e-07,0
2025-07-10T15:06:29,113,0,2.0323606516512098e-14,4.3508269519877355e-08,0
2025-07-10T15:11:29,112,0,5.871325376580611e-13,2.4753155157165544e-08,0
2025-07-10T15:16:29,113,0,4.762888421984166e-13,9.888304064743671e-09,0
2025-07-10T15:21:29,113,0,6.880505861564044e-13,5.1309131773089305e-08,0
2025-07-10T15:26:30,112,0,3.908029386252528e-12,5.9031789775702726e-08,0
2025-07-10T15:31:30,108,0,3.068178889982314e-10,3.5470605762535497e-07,0
2025-07-10T15:36:30,106,0,2.4882920582352466e-10,6.360830869607712e-07,0
2025-07-10T15:41:30,105,0,2.957451637472131e-11,3.8299630169444894e-06,0
2025-07-10T15:46:30,105,0,5.7803576857835995e-12,7.93568849882755e-06,0
2025-07-10T15:51:30,107,0,2.5372832159178663e-13,4.24946452901924e-06,0
2025-07-10T15:56:30,110,0,2.7114942457353035e-14,1.0604401514128097e-06,0
2025-07-10T16:01:30,114,0,2.4537426160798676e-15,6.624296318691822e-08,0
2025-07-10T16:06:30,117,0,2.9635410436182283e-15,9.197691042809063e-09,0
2025-07-10T16:11:30,118,0,4.275825997897683e-14,2.055629237397907e-09,0
2025-07-10T16:16:30,122,0,1.1938469638254692e-15,1.368262563823102e-10,0
2025-07-10T16:21:30,122,0,1.3997995491843035e-14,1.17212611584489e-10,0
2025-07-10T16:26:30,129,0,3.9951986013299245e-18,1.095006478137976e-12,0
2025-07-10T16:31:29,128,0,9.523961986872472e-16,5.3310561920935354e-12,0
2025-07-10T16:36:30,132,0,7.425468562934654e-17,5.70693185736208e-14,0
2025-07-10T16:41:29,138,0,1.1188256565673948e-19,1.7767805792140254e-14,0
2025-07-10T16:46:29,139,0,1.499956138803215e-17,9.06536912767491e-15,0
2025-07-10T16:51:30,142,0,7.515587100153339e-18,2.2383575271234156e-15,0
2025-07-10T16:56:29,147,0,1.296443684320314e-19,2.71021439048762e-16,0
2025-07-10T17:01:29,155,0,1.8592777071392138e-22,7.906249485958485e-18,0
2025-07-10T17:06:29,157,0,2.1306672302273383e-20,9.615228252449042e-18,0
2025-07-10T17:11:29,159,0,3.1272042346412924e-19,3.3587600044376517e-19,0
2025-07-10T17:16:29,156,0,2.501978902830968e-16,7.171274906516192e-18,0
2025-07-10T17:21:29,154,0,8.7774228974533245e-16,1.5662468355381457e-17,0
2025-07-10T17:26:29,153,0,1.0612406772894766e-16,6.625597138707729e-16,0
2025-07-10T17:31:29,151,0,3.4188200746621376e-16,1.6810558569231273e-14,0
2025-07-10T17:36:30,149,0,7.105712829291651e-16,1.071189082194873e-13,0
2025-07-10T17:41:30,149,0,1.0686511089637151e-16,2.2500056809421203e-13,0
2025-07-10T17:46:29,148,0,2.304464325397404e-16,1.2607650114795475e-12,0
2025-07-10T17:51:29,148,0,1.9555380678882261e-16,3.644683984627866e-12,0
2025-07-10T17:56:29,146,0,2.334618739108348e-15,1.3185031312728427e-11,0
2025-07-10T18:01:29,142,0,2.0462557085229422e-13,5.076984858493987e-11,0
2025-07-10T18:06:30,139,0,2.858978531433611e-13,1.5020962206166858e-10,0
2025-07-10T18:11:29,136,0,3.087982809171302e-13,8.515538108510666e-10,0
2025-07-10T18:16:30,138,0,5.785593189248118e-16,5.546967896065821e-10,0
2025-07-10T18:21:29,130,0,2.729260547835846e-11,2.7070917605884273e-08,0
2025-07-10T18:26:30,127,0,4.111163365457496e-11,5.2179471491359235e-09,0
2025-07-10T18:31:30,127,0,1.1926289086999833e-13,2.9264470188695575e-08,0
2025-07-10T18:36:29,130,0,5.278224306232934e-16,1.1556381564011642e-08,0
2025-07-10T18:41:29,128,0,4.463967985631821e-14,5.974927436661941e-08,0
2025-07-10T18:46:29,132,0,5.494955704943684e-16,5.501717170384857e-10,0
2025-07-10T18:51:30,129,0,1.6759787885786246e-13,2.478177388431601e-09,0
2025-07-10T18:56:29,129,0,1.7526687670157038e-13,3.02728108284127e-10,0
2025-07-10T19:01:29,127,0,3.365592139235065e-13,2.6248271400666422e-09,0
2025-07-10T19:06:29,124,0,7.814295096609932e-12,7.410921278483531e-09,0
2025-07-10T19:11:29,117,0,2.5052176212915117e-09,1.623701525319313e-07,0
2025-07-10T19:16:29,109,0,4.137710022932726e-07,2.1640863117808858e-06,0
2025-07-10T19:21:29,101,0,3.782334093530912e-06,0.0002132815294885622,0
2025-07-10T19:26:30,96,0,4.69775532926965e-07,0.006577302028231429,0
2025-07-10T19:31:30,92,0,8.410747648210019e-08,0.07594986517211845,0
2025-07-10T19:36:30,85,0,8.622095973355846e-06,0.5733735966393627,0
2025-07-10T19:41:29,79,0,8.198376263304418e-05,0.6682734048327552,0
2025-07-10T19:46:30,77,0,1.6004063427702726e-06,0.698148869475809,0
2025-07-10T19:51:29,82,0,7.96012544058691e-11,0.23758732825360404,0
2025-07-10T19:56:30,90,0,1.9119462240022893e-14,0.012158134534660414,0
2025-07-10T20:01:29,97,0,4.2449430336878965e-15,3.717855249131925e-05,0
2025-07-10T20:06:29,106,0,1.106019545627935e-16,1.373214001330205e-08,0
2025-07-10T20:11:29,109,0,1.4178958505987146e-14,2.209773547650061e-10,0
2025-07-10T20:16:30,111,0,2.4926318015097273e-13,7.601278846652179e-12,0
2025-07-10T20:21:29,113,0,7.23929056024633e-14,3.2030378849374454e-12,0
2025-07-10T20:26:29,116,0,2.2840279856007173e-15,2.6028180857925867e-13,0
2025-07-10T20:31:29,117,0,1.845775248968946e-15,7.330083468057266e-14,0
2025-07-10T20:36:30,121,0,3.3289477245408765e-17,1.8777404200550853e-15,0
2025-07-10T20:41:30,125,0,4.729218341144476e-18,1.6406273081306914e-15,0
2025-07-10T20:46:30,131,0,2.8901612928416865e-19,3.8252274848952853e-16,0
2025-07-10T20:51:29,135,0,7.572403411056448e-19,2.32414598309966e-16,0
2025-07-10T20:56:30,143,0,8.73080986443848e-21,7.721699117955271e-18,0
2025-07-10T21:01:29,159,0,2.784951431814843e-27,4.709249661066199e-21,0
2025-07-10T21:06:30,168,0,1.8622829468831016e-26,5.761397502443168e-23,0
2025-07-10T21:11:29,175,0,1.3018611614851057e-24,6.65483208381909e-26,0
2025-07-10T21:16:29,178,0,2.1246437024382683e-22,4.2764848316322886e-27,0
2025-07-10T21:21:29,179,0,7.505234859792016e-21,1.2713534378705331e-27,0
2025-07-10T21:26:29,185,0,5.229422827761511e-24,8.399976396488608e-28,0
2025-07-10T21:31:29,193,0,4.2394627394274904e-27,2.0369965439475536e-28,0
2025-07-10T21:36:30,200,0,1.041281321134647e-27,2.20571389249814e-29,0
2025-07-10T21:41:29,206,0,1.916748108060677e-27,5.825174455192251e-31,0
2025-07-10T21:46:30,205,0,2.521622680048329e-23,1.3268164240256614e-30,0
2025-07-10T21:51:30,202,0,2.786428301956521e-20,8.020604393443415e-29,0
2025-07-10T21:56:29,198,0,3.3229432772403487e-19,3.2120965004477586e-26,0
2025-07-10T22:01:30,197,0,1.111287916317649e-20,4.518760954509399e-24,0
2025-07-10T22:06:29,206,0,1.739569651591282e-27,7.87024166714008e-24,0
2025-07-10T22:11:29,202,0,6.973935001025079e-23,1.037142258667156e-21,0
2025-07-10T22:16:29,199,0,5.709455817578757e-20,5.555692575589094e-22,0
2025-07-10T22:21:30,195,0,4.421042720582429e-19,2.0147223671706758e-20,0
2025-07-10T22:26:29,200,0,1.1014697292339234e-23,1.3142401890844148e-20,0
2025-07-10T22:31:29,211,0,5.200111603404964e-30,1.59792989375802e-20,0
2025-07-10T22:36:30,213,0,8.242583520272298e-27,2.7390548507777666e-21,0
2025-07-10T22:41:29,214,0,3.1718372336000283e-24,2.8093697925202545e-23,0
2025-07-10T22:46:29,199,0,1.4526966880338985e-14,2.345295935481345e-21,0
2025-07-10T22:51:29,197,0,1.3965749041197363e-17,1.2482043727484077e-21,0
2025-07-10T22:56:29,196,0,2.218716702572001e-21,4.762093228365749e-18,0
2025-07-10T23:01:30,195,0,1.089930916190381e-21,1.189729567343299e-17,0
2025-07-10T23:06:29,196,0,6.999189051368913e-23,8.748364905800841e-18,0
2025-07-10T23:11:29,207,0,1.1439237056691996e-28,6.5897008165021496e-21,0
2025-07-10T23:16:29,207,0,3.401359478716875e-25,2.3197986497103248e-20,0
2025-07-10T23:21:30,214,0,1.5820049075593688e-26,7.908362683934796e-23,0
2025-07-10T23:26:30,212,0,2.5150282525186237e-23,4.1269341039177497e-22,0
2025-07-10T23:31:30,204,0,1.3274880711415075e-17,8.54223384494295e-22,0
2025-07-10T23:36:30,199,0,4.130643308710361e-18,7.942403166912896e-21,0
2025-07-10T23:41:29,197,0,3.2992821993313575e-20,1.1915855139936364e-19,0
2025-07-10T23:46:29,204,0,2.212743295085623e-26,1.0857322592791384e-19,0
2025-07-10T23:51:30,209,0,9.176140529837002e-28,4.62708149852804e-20,0
2025-07-10T23:56:30,211,0,1.5331601854019596e-25,9.115871956739526e-22,0
2025-07-11T00:01:31,209,0,3.1361859866150086e-22,6.200651867471168e-22,0
2025-07-11T00:06:31,209,0,3.1358084401371897e-22,1.6336094529777912e-22,0
2025-07-11T00:11:31,208,0,2.5307961030190374e-22,3.6881076676734955e-21,0
2025-07-11T00:16:30,207,0,2.7729334208397554e-22,1.0886647258023254e-20,0
2025-07-11T00:21:30,205,0,7.580977904229317e-22,2.1636757611372958e-20,0
2025-07-11T00:26:30,197,0,6.3420668937490745e-18,2.317177147827792e-19,0
2025-07-11T00:31:30,187,0,9.476400716573697e-15,5.312323490651489e-18,0
2025-07-11T00:36:30,181,0,1.1313099220605822e-15,2.52622995350151e-16,0
2025-07-11T00:41:30,164,0,1.6913804807120202e-09,1.2922371967297299e-12,0
2025-07-11T00:46:29,150,0,3.4909092584948657e-07,3.747962339423837e-11,0
2025-07-11T00:51:30,143,0,1.970804058632407e-10,8.029514881444147e-10,0
2025-07-11T00:56:29,138,0,4.307810964667801e-12,4.927659840953057e-09,0
2025-07-11T01:01:29,129,0,2.0829092339136734e-09,2.2647396304966306e-08,0
2025-07-11T01:06:30,127,0,5.3969335716028314e-11,4.191438765050488e-10,0
2025-07-11T01:11:30,121,0,2.2217668754363735e-09,8.914897261885232e-10,0
2025-07-11T01:16:29,113,0,1.751170222244207e-06,7.63999195992981e-10,0
2025-07-11T01:21:30,111,0,9.61542590118426e-09,4.5043148375432893e-10,0
2025-07-11T01:26:30,109,0,1.2916727398866783e-09,1.5485484929620468e-09,0
2025-07-11T01:31:30,107,0,1.300447972597227e-09,2.33872032806665e-09,0
2025-07-11T01:36:30,106,0,4.72496000600935e-10,2.6725882040604444e-09,0
2025-07-11T01:41:30,104,0,1.7958972584332347e-09,1.2755016974667178e-08,0
2025-07-11T01:46:30,102,0,3.419478337392187e-09,1.45477447638822e-07,0
2025-07-11T01:51:30,101,0,8.208110675189477e-10,7.384813627935862e-07,0
2025-07-11T01:56:30,101,0,1.2650845363566417e-10,6.903047214419135e-06,0
2025-07-11T02:01:30,102,0,1.2818267179111255e-11,9.518634098419637e-06,0
2025-07-11T02:06:30,104,0,1.0665375693521566e-12,2.026660155241185e-06,0
2025-07-11T02:11:30,103,0,2.613733172614974e-11,2.8895770914981996e-06,0
2025-07-11T02:16:30,105,0,2.2604189810754812e-12,5.161340542586355e-07,0
2025-07-11T02:21:30,106,0,9.940240914368304e-13,5.638687563706491e-07,0
2025-07-11T02:26:30,113,0,2.652962692175907e-16,1.4197405586784731e-08,0
2025-07-11T02:31:29,112,0,1.0781646014321773e-13,4.5723040056741524e-08,0
2025-07-11T02:36:30,108,0,5.766311589123045e-10,1.4463426113481001e-08,0
2025-07-11T02:41:30,104,0,5.0700305061932856e-09,1.0567063395438728e-07,0
2025-07-11T02:46:30,104,0,4.186014380580124e-11,3.0208154088908246e-07,0
2025-07-11T02:51:30,104,0,2.534417748427676e-12,5.565366655378169e-06,0
2025-07-11T02:56:30,103,0,1.3212111599075546e-11,1.1225751493409942e-05,0
2025-07-11T03:01:30,103,0,9.953157575633659e-12,3.7779398957843354e-06,0
2025-07-11T03:06:31,105,0,6.498633784693147e-13,1.397377050464978e-06,0
2025-07-11T03:11:30,106,0,6.272109585555558e-13,1.3723453815688023e-06,0
2025-07-11T03:16:30,105,0,2.2289137820505618e-11,4.571747711931823e-06,0
2025-07-11T03:21:30,101,0,5.3014412617838014e-09,1.3252087382427142e-05,0
2025-07-11T03:26:30,99,0,2.977768694334582e-09,1.4212448787850653e-05,0
2025-07-11T03:31:30,99,0,6.048638039888309e-11,2.9936066241357867e-05,0
2025-07-11T03:36:30,103,0,7.232770406383997e-14,1.009879836757031e-05,0
2025-07-11T03:41:30,107,0,4.023455810578598e-15,1.981213507223254e-06,0
2025-07-11T03:46:30,112,0,5.952087635133223e-16,2.7851300305383216e-08,0
2025-07-11T03:51:30,117,0,1.4713169977379742e-16,7.324094297184507e-10,0
2025-07-11T03:56:30,120,0,9.674138139039056e-16,7.710920336341369e-11,0
2025-07-11T04:01:30,124,0,2.663123069876938e-16,6.093279605857628e-12,0
2025-07-11T04:06:30,123,0,4.1442379817362234e-14,8.50040366676919e-12,0
2025-07-11T04:11:30,121,0,1.2171785535005916e-12,4.562969271764437e-12,0
2025-07-11T04:16:30,123,0,5.982148533918997e-15,2.5852471703408524e-12,0
2025-07-11T04:21:30,130,0,3.2110018040501095e-19,2.8489865653318563e-13,0
2025-07-11T04:26:30,136,0,1.9834580351422863e-20,7.911049441055014e-14,0
2025-07-11T04:31:31,137,0,1.6270493321834362e-17,1.598167094868846e-14,0
2025-07-11T04:36:30,135,0,2.3621914019293203e-14,1.1475548556533769e-14,0
2025-07-11T04:41:30,134,0,5.314106701034585e-14,4.535910130750774e-14,0
2025-07-11T04:46:31,134,0,5.507041311349526e-15,6.938514385044475e-13,0
2025-07-11T04:51:30,129,0,2.081611180422956e-12,9.804234512023893e-11,0
2025-07-11T04:56:31,126,0,4.24341817079039e-12,2.9914445705193624e-10,0
2025-07-11T05:01:30,125,0,1.813091667318037e-13,1.1561494285964177e-09,0
2025-07-11T05:06:30,126,0,6.074931901304426e-15,2.5123237004810053e-09,0
2025-07-11T05:11:30,128,0,6.598152550653122e-16,5.5842953313611355e-09,0
2025-07-11T05:16:30,128,0,9.672599254018593e-15,5.147731105251125e-09,0
2025-07-11T05:21:31,126,0,6.33816321077201e-13,4.138347503160819e-09,0
2025-07-11T05:26:30,124,0,2.740933757428037e-12,4.890418767998252e-09,0
2025-07-11T05:31:30,121,0,1.3742141914071706e-11,2.999873907450788e-08,0
2025-07-11T05:36:31,120,0,2.2200169136856995e-12,8.876207189624734e-08,0
2025-07-11T05:41:30,119,0,7.212104877854486e-13,1.5764279956812945e-07,0
2025-07-11T05:46:30,118,0,9.258690074413638e-13,1.3255660557653894e-07,0
2025-07-11T05:51:30,116,0,5.2628712854131325e-12,2.425753262519581e-07,0
2025-07-11T05:56:30,106,0,1.2227467339974668e-06,1.369337134042443e-05,0
2025-07-11T06:01:31,93,0,0.05126126403954889,0.0015214041699363634,0
2025-07-11T06:06:30,99,0,1.9219020379123676e-11,0.000404441904582416,0
2025-07-11T06:11:30,104,0,9.274320986696044e-16,0.004782605501530922,0
2025-07-11T06:16:30,108,0,2.5165256242427526e-15,9.8038729969393e-05,0
2025-07-11T06:21:30,109,0,2.901526675787613e-13,1.856475115030544e-06,0
2025-07-11T06:26:30,111,0,1.111124828643514e-12,1.679339556783873e-08,0
2025-07-11T06:31:30,120,0,1.3321071041773811e-17,7.059462158298862e-10,0
2025-07-11T06:36:31,121,0,1.6546222754392597e-15,1.7741670546101267e-09,0
2025-07-11T06:41:30,119,0,3.3284395005393795e-12,3.850265938577007e-10,0
2025-07-11T06:46:30,116,0,4.212698972000077e-11,1.6454510364495682e-10,0
2025-07-11T06:51:31,116,0,5.150710833794703e-13,1.4690467737327128e-11,0
2025-07-11T06:56:31,109,0,1.2218954520085423e-09,3.73375676863195e-08,0
2025-07-11T07:01:30,107,0,3.0151100310989293e-10,1.4719353132727887e-07,0
2025-07-11T07:06:31,106,0,1.3504323397800974e-11,3.152130532534404e-06,0
2025-07-11T07:11:30,105,0,1.4553614528041025e-11,6.156613363349478e-06,0
2025-07-11T07:16:30,108,0,8.102469226930125e-14,2.6101097667801884e-06,0
2025-07-11T07:21:30,108,0,1.1911926141728573e-12,8.11026857511586e-06,0
2025-07-11T07:26:30,108,0,7.629376311758438e-12,2.5503616245507136e-06,0
2025-07-11T07:31:31,107,0,2.993757426181484e-11,2.537336298274887e-06,0
2025-07-11T07:36:30,108,0,3.681271993197596e-12,7.137165143722323e-07,0
2025-07-11T07:41:30,106,0,4.712824207992573e-11,5.108293345417729e-06,0
2025-07-11T07:46:31,105,0,5.6492882277715415e-11,1.316351473577697e-06,0
2025-07-11T07:51:30,100,0,9.186985086732968e-09,1.7993398079415818e-05,0
2025-07-11T07:56:30,108,0,3.3935776454464494e-15,2.0738442962185177e-07,0
2025-07-11T08:01:31,110,0,2.035299817563762e-15,1.3550840610515166e-06,0
2025-07-11T08:06:31,103,0,1.3133301895908179e-08,4.281214360150422e-06,0
2025-07-11T08:11:30,101,0,7.646062650595921e-09,1.946244396927502e-06,0
2025-07-11T08:16:30,103,0,5.504493053302801e-12,2.4559994114130255e-06,0
2025-07-11T08:21:30,107,0,1.0453948555043878e-14,3.4682010195780497e-06,0
2025-07-11T08:26:30,110,0,5.308217685181892e-15,1.205859272768847e-06,0
2025-07-11T08:31:30,111,0,1.392323079170163e-13,4.8785509652319683e-08,0
2025-07-11T08:36:31,109,0,2.4036427755952588e-11,2.9269166167223632e-08,0
2025-07-11T08:41:31,107,0,9.883025598227512e-11,2.180482278290678e-08,0
2025-07-11T08:46:31,111,0,4.477373817693252e-14,5.165014443523148e-08,0
2025-07-11T08:51:30,110,0,6.698042475805516e-13,7.225138493164346e-07,0
2025-07-11T08:56:31,111,0,3.896918364084123e-13,2.891497793214245e-08,0
2025-07-11T09:01:31,113,0,2.8281568915008658e-14,7.425279657230596e-09,0
2025-07-11T09:06:30,115,0,1.5870153177346638e-14,2.6360111140517727e-09,0
2025-07-11T09:11:31,128,0,2.2521747692048532e-21,1.2603857281823337e-11,0
2025-07-11T09:16:31,141,0,6.360376531990891e-25,5.387951048406845e-14,0
2025-07-11T09:21:30,152,0,7.267324483387158e-25,8.190982452871011e-18,0
2025-07-11T09:26:31,163,0,1.6099416419682983e-25,3.5304527168152455e-22,0
2025-07-11T09:31:30,174,0,1.24422358095944e-26,1.8728910138987935e-26,0
2025-07-11T09:36:31,182,0,3.878610615725567e-26,1.7614644394895943e-28,0
2025-07-11T09:41:32,186,0,2.4912250336985378e-24,1.8705157512892373e-30,0
2025-07-11T09:46:31,194,0,1.5894444979815987e-26,5.179531187278451e-33,0
2025-07-11T09:51:32,199,0,1.1017195449920518e-26,7.107264736499134e-34,0
2025-07-11T09:56:32,203,0,3.502611792198308e-26,4.7211388098014775e-35,0
2025-07-11T10:01:31,204,0,2.9843263536991837e-24,1.0045372925569194e-33,0
2025-07-11T10:06:31,205,0,2.4643661937950528e-23,8.495109659975206e-33,0
2025-07-11T10:11:32,204,0,2.622732008470746e-22,1.2198945447298775e-30,0
2025-07-11T10:16:31,204,0,2.216819982216287e-22,8.028068156957233e-29,0
2025-07-11T10:21:32,201,0,6.70559213033617e-21,5.781841040688609e-26,0
2025-07-11T10:26:31,202,0,2.292795852552116e-22,2.055264523986492e-24,0
2025-07-11T10:31:32,198,0,1.5761194198201777e-20,8.547263595869114e-22,0
2025-07-11T10:36:31,195,0,1.5006392535556127e-19,1.5929344985932268e-20,0
2025-07-11T10:41:31,192,0,1.5715611093073443e-19,8.876482454196076e-19,0
2025-07-11T10:46:31,189,0,3.936341267208274e-19,1.0055725770181868e-17,0
2025-07-11T10:51:32,188,0,4.0370911267593156e-20,5.258014765961024e-17,0
2025-07-11T10:56:31,185,0,3.9493109848451416e-19,2.307108349297595e-16,0
2025-07-11T11:01:32,183,0,6.841311355830844e-19,2.3529203570858563e-16,0
2025-07-11T11:06:32,182,0,2.102736255929921e-19,3.643698858836316e-16,0
2025-07-11T11:11:31,176,0,1.655968449936997e-16,2.2202813310720336e-15,0
2025-07-11T11:16:32,177,0,6.34444280908583e-19,7.459825718095711e-16,0
2025-07-11T11:21:32,176,0,2.330714274825029e-19,3.607725847927961e-15,0
2025-07-11T11:26:32,177,0,5.993204144661478e-20,8.067029495620308e-16,0
2025-07-11T11:31:31,186,0,3.295368931844426e-25,2.619615813820287e-17,0
2025-07-11T11:36:31,191,0,3.352502664732132e-25,2.3257881219067807e-18,0
2025-07-11T11:41:32,206,0,1.2697789312335562e-30,4.609271626495194e-22,0
2025-07-11T11:46:31,214,0,5.2771741233442224e-30,9.166256471322628e-24,0
2025-07-11T11:51:30,216,0,1.4793130575336287e-25,3.711340908596371e-26,0
2025-07-11T11:56:31,203,0,6.282303893947921e-16,2.585388454599363e-24,0
2025-07-11T12:01:31,207,0,8.58989273443721e-22,4.349602021988561e-26,0
2025-07-11T12:06:30,197,0,1.8316199359584122e-18,7.46159232856614e-21,0
2025-07-11T12:11:31,194,0,6.026910400892644e-19,6.960467260920409e-21,0
2025-07-11T12:16:31,185,0,7.466308055349342e-17,9.692411984617548e-18,0
2025-07-11T12:21:31,177,0,1.5065407400626724e-14,4.5195009138302346e-17,0
2025-07-11T12:26:31,172,0,5.336886759793017e-16,7.366138613865222e-15,0
2025-07-11T12:31:30,162,0,1.200673471880937e-12,1.0906333520003807e-12,0
2025-07-11T12:36:31,158,0,5.85452055384214e-14,4.1415199021784325e-12,0
2025-07-11T12:41:30,150,0,3.454013217858252e-12,1.2688602696383507e-10,0
2025-07-11T12:46:31,152,0,3.064797610347056e-16,2.9385372036086046e-12,0
2025-07-11T12:51:31,139,0,1.5777812146978494e-09,1.0173887796747063e-09,0
2025-07-11T12:56:31,129,0,2.4492754979951646e-06,4.73052644672056e-11,0
2025-07-11T13:01:31,121,0,3.6111874816049364e-07,1.863535929931791e-09,0
2025-07-11T13:06:31,108,0,0.0010889500708034757,9.721153530940171e-08,0
2025-07-11T13:11:31,105,0,1.548210201551026e-07,4.801636056509651e-07,0
2025-07-11T13:16:31,99,0,3.1449804759043874e-07,7.870148017723172e-06,0
2025-07-11T13:21:31,96,0,1.7597759127599583e-07,3.3633335275285268e-06,0
2025-07-11T13:26:31,92,0,5.095532965590092e-07,1.9433189251074337e-05,0
2025-07-11T13:31:31,89,0,1.3897880284753337e-06,1.185675671407152e-05,0
2025-07-11T13:36:30,85,0,7.655065572806005e-06,0.000248840741474191,0
2025-07-11T13:41:31,83,0,2.1191572294781854e-06,0.00026128143002751163,0
2025-07-11T13:46:31,79,0,1.4442738797300797e-05,0.0030672435779862867,0
2025-07-11T13:51:31,76,0,2.4232997283807772e-05,0.006927401165533165,0
2025-07-11T13:56:31,77,0,6.912716350254969e-08,0.004970529713689339,0
2025-07-11T14:01:31,74,0,1.8428512370727603e-06,0.06241187032387914,0
2025-07-11T14:06:31,73,0,1.2737299581527573e-06,0.08700389053499692,0
2025-07-11T14:11:31,73,0,1.287859977575351e-07,0.2075575588485695,0
2025-07-11T14:16:31,78,0,7.914054265192653e-11,0.024264100152294302,0
2025-07-11T14:21:30,80,0,7.528447167626771e-11,0.0271013139976202,0
2025-07-11T14:26:31,83,0,5.503859751332746e-11,0.0004768047533969397,0
2025-07-11T14:31:31,88,0,8.433590987502569e-13,1.7373994259219397e-05,0
2025-07-11T14:36:32,93,0,5.62996543090779e-14,2.8396848231818456e-07,0
2025-07-11T14:41:32,95,0,4.684493897628944e-13,3.226061435796808e-08,0
2025-07-11T14:46:32,94,0,9.112153183376527e-11,2.588491717273196e-08,0
2025-07-11T14:51:32,93,0,2.8450940724825444e-10,1.2232872912739842e-08,0
2025-07-11T14:56:32,95,0,2.6512536488009033e-12,7.785682178560988e-09,0
2025-07-11T15:01:32,98,0,4.683792682074453e-14,5.614374845459313e-09,0
2025-07-11T15:06:32,96,0,2.499986363840052e-11,1.0115799481339268e-07,0
2025-07-11T15:11:32,93,0,3.3428365047210892e-09,2.3270405235750788e-07,0
2025-07-11T15:16:32,91,0,4.345209115129071e-09,1.9224626005171853e-06,0
2025-07-11T15:21:32,91,0,3.158613171938511e-10,2.516055522298547e-05,0
2025-07-11T15:26:32,91,0,1.1890205821805257e-10,0.00033758271561570657,0
2025-07-11T15:31:32,94,0,2.5566332455764372e-12,9.560980133261654e-05,0
2025-07-11T15:36:32,97,0,3.30723005763433e-13,1.5701453980523863e-05,0
2025-07-11T15:41:32,104,0,7.076996253137815e-16,1.2741356693451143e-07,0
2025-07-11T15:46:32,109,0,3.4664265772836376e-16,1.348839472223128e-08,0
2025-07-11T15:51:32,115,0,1.112645391099968e-16,1.8558456254817624e-10,0
2025-07-11T15:56:32,113,0,7.362498971329073e-13,1.804164060845484e-10,0
2025-07-11T16:01:32,117,0,1.027081346533615e-14,1.4135613636831482e-12,0
2025-07-11T16:06:32,121,0,6.661579124951971e-17,9.370623878726762e-13,0
2025-07-11T16:11:33,126,0,4.029241684861347e-18,5.242713317919296e-14,0
2025-07-11T16:16:32,137,0,9.773020038612527e-23,1.2257883671421025e-16,0
2025-07-11T16:21:32,139,0,1.932304827454519e-19,2.914913487409918e-17,0
2025-07-11T16:26:32,145,0,5.761606195059359e-20,9.909954174230757e-20,0
2025-07-11T16:31:32,151,0,2.9376388577611387e-21,4.3243951010896445e-20,0
2025-07-11T16:36:32,153,0,2.170245815044815e-19,2.8427998846796425e-20,0
2025-07-11T16:41:32,155,0,6.64312262357316e-19,5.3434188844826767e-20,0
2025-07-11T16:46:32,155,0,4.5157098868252254e-18,3.810046130206051e-20,0
2025-07-11T16:51:31,158,0,1.5116488639913016e-19,5.164929467101314e-20,0
2025-07-11T16:56:31,162,0,2.946750566656519e-21,1.342843309088162e-19,0
2025-07-11T17:01:31,164,0,1.4156869592972044e-20,1.8580893062445352e-19,0
2025-07-11T17:06:31,171,0,5.250370661400532e-23,3.658978329870875e-20,0
2025-07-11T17:11:31,179,0,2.758381772236638e-25,1.538174035122063e-21,0
2025-07-11T17:16:31,180,0,5.188003045803963e-22,1.7102105054445236e-21,0
2025-07-11T17:21:32,175,0,5.679390330314564e-17,1.1497522414923452e-20,0
2025-07-11T17:26:32,169,0,1.1637778873144552e-14,2.5243010424884723e-19,0
2025-07-11T17:31:31,168,0,3.2646105618837434e-17,1.088139696450417e-17,0
2025-07-11T17:36:31,173,0,3.1086667838717423e-22,5.822409410455587e-17,0
2025-07-11T17:41:32,180,0,3.2861613890578085e-25,1.9998266502897053e-17,0
2025-07-11T17:46:31,182,0,5.70325245296767e-23,3.1058509543422752e-18,0
2025-07-11T17:51:31,182,0,1.7884046774992893e-20,1.672236931845678e-19,0
2025-07-11T17:56:31,183,0,2.0891380820524695e-20,1.288075714792889e-19,0
2025-07-11T18:01:32,184,0,8.52159513220474e-21,7.515468766750998e-19,0
2025-07-11T18:06:32,181,0,7.708119872130734e-19,1.103186893983258e-17,0
2025-07-11T18:11:31,172,0,2.465579762954829e-14,2.1425748573987118e-16,0
2025-07-11T18:16:32,161,0,3.791713495909381e-11,8.439777346041405e-15,0
2025-07-11T18:21:31,154,0,3.3608394787071248e-12,6.734916782566885e-13,0
2025-07-11T18:26:31,151,0,7.524423264004688e-15,5.604088402746821e-11,0
2025-07-11T18:31:32,142,0,1.060142123095564e-11,9.36290200251393e-09,0
2025-07-11T18:36:32,136,0,7.286772921099027e-11,8.799339165222318e-09,0
2025-07-11T18:41:32,129,0,6.5463315890397e-10,6.352240275981225e-08,0
2025-07-11T18:46:32,121,0,4.1478738952953596e-08,3.4531134513172196e-07,0
2025-07-11T18:51:31,95,0,0.9999626336133902,4.064920036448339e-08,1
2025-07-11T18:56:32,98,0,1.275821353175533e-06,2.2979949459029575e-06,0
2025-07-11T19:01:31,100,0,1.0262632008463915e-12,0.0005297041513545888,0
2025-07-11T19:06:31,100,0,3.0612776201341485e-11,1.574998967884821e-05,0
2025-07-11T19:11:31,97,0,1.0277985698185104e-08,3.093956614849111e-06,0
2025-07-11T19:16:32,85,0,0.23158660876942744,1.389713401554042e-06,0
2025-07-11T19:21:31,83,0,0.00021588075867362707,4.800766895737305e-06,0
2025-07-11T19:26:31,82,0,2.1962526177490412e-07,0.0013322493456097632,0
2025-07-11T19:31:32,82,0,2.548981168351448e-08,0.005479730585694535,0
2025-07-11T19:36:32,88,0,3.158003281045582e-12,0.000541526520538875,0
2025-07-11T19:41:32,102,0,2.9503988046444547e-19,9.182756410556868e-09,0
2025-07-11T19:46:32,119,0,3.7839294070634044e-24,8.984157052878934e-12,0
2025-07-11T19:51:32,137,0,5.8387081162980695e-27,1.5582781924253757e-16,0
2025-07-11T19:56:32,158,0,1.1970367241339498e-30,3.011316635758267e-23,0
2025-07-11T20:01:32,182,0,2.039684229613543e-35,9.615344040979942e-32,0
2025-07-11T20:06:32,201,0,1.0356322105700958e-36,6.343840711456336e-42,0
2025-07-11T20:11:31,221,0,1.1409284800408544e-38,8.346629894264558e-52,0
2025-07-11T20:16:31,242,0,5.54269507441343e-42,1.0431530800275375e-61,0
2025-07-11T20:21:32,261,0,1.627211653175853e-43,2.5067030509048026e-71,0
2025-07-11T20:26:31,262,0,6.997887786118133e-34,9.928221726328137e-74,0
2025-07-11T20:31:31,262,0,2.2519715890615873e-28,4.49721785763642e-74,0
2025-07-11T20:36:32,261,0,3.9779784908698e-27,5.774672240449203e-70,0
2025-07-11T20:41:32,252,0,3.498051658646833e-22,6.466683045856686e-63,0
2025-07-11T20:46:31,247,0,2.4731273955897493e-22,4.9436753219026e-56,0
2025-07-11T20:51:32,238,0,2.4395403049166554e-20,1.8811182849652979e-47,0
2025-07-11T20:56:31,225,0,1.6077137445265904e-16,3.6860912502182764e-39,0
2025-07-11T21:01:31,214,0,6.525624784507783e-16,1.5283668666577744e-31,0
2025-07-11T21:06:31,197,0,9.747963453934414e-12,4.453316553665205e-24,0
2025-07-11T21:11:31,181,0,1.7958639317186294e-09,9.964158527428825e-19,0
2025-07-11T21:16:32,165,0,4.090689165884193e-08,6.33134601008302e-15,0
2025-07-11T21:21:32,156,0,2.8551712135635783e-10,4.54170152402167e-14,0
2025-07-11T21:26:32,155,0,3.3545269767073824e-15,2.2432003894405677e-14,0
2025-07-11T21:31:31,161,0,3.419680212493887e-20,7.92513520848654e-17,0
2025-07-11T21:36:32,164,0,1.0086984425015692e-19,6.618158820551761e-19,0
2025-07-11T21:41:31,169,0,8.348392127589469e-20,1.1692007420434745e-21,0
2025-07-11T21:46:31,175,0,4.620774137580368e-21,4.609012337307378e-23,0
2025-07-11T21:51:31,174,0,6.903509510966097e-18,1.475507502695176e-22,0
2025-07-11T21:56:32,172,0,2.6585825008201024e-16,7.414654364605612e-22,0
2025-07-11T22:01:31,175,0,1.983476292365768e-19,1.9879804873890375e-21,0
2025-07-11T22:06:31,176,0,2.2557264258047542e-20,3.548888122618178e-20,0
2025-07-11T22:11:32,180,0,2.0694524036336562e-22,3.63207238290307e-20,0
2025-07-11T22:16:32,181,0,9.688505923861236e-22,1.335637799317474e-19,0
2025-07-11T22:21:32,183,0,1.5156143742680933e-21,9.414330998372174e-20,0
2025-07-11T22:26:32,188,0,8.412580675335397e-24,3.8621486814447634e-20,0
2025-07-11T22:31:32,186,0,1.0756435659438522e-20,1.9035246314551578e-19,0
2025-07-11T22:36:32,192,0,1.1027380174186625e-23,8.258540340914773e-21,0
2025-07-11T22:41:32,196,0,6.621192103296358e-25,7.159710499157294e-21,0
2025-07-11T22:46:32,194,0,2.2384011941462916e-21,4.836104158121871e-21,0
2025-07-11T22:51:31,188,0,1.1951620883209024e-17,5.3467510516298494e-20,0
2025-07-11T22:56:32,184,0,2.5678980122080118e-17,2.4498516441874603e-19,0
2025-07-11T23:01:31,176,0,2.6330671011262245e-15,1.6649778788636718e-16,0
2025-07-11T23:06:32,168,0,6.698933967819285e-14,1.2612150359145307e-14,0
2025-07-11T23:11:32,164,0,1.781445241255436e-15,2.4093506586739256e-13,0
2025-07-11T23:16:32,161,0,2.7140962009047266e-16,3.029341508084428e-12,0
2025-07-11T23:21:32,158,0,4.1587470651731664e-16,7.265900525578515e-12,0
2025-07-11T23:26:32,160,0,2.489013424648712e-18,1.7574908960348594e-12,0
2025-07-11T23:31:32,161,0,1.307132325629384e-18,1.0664458922611204e-12,0
2025-07-11T23:36:32,159,0,1.6006437909273584e-16,4.209101982457307e-13,0
2025-07-11T23:41:32,155,0,2.000628635922843e-14,2.873844674249087e-13,0
2025-07-11T23:46:32,154,0,2.5289269986596366e-15,1.7529258709779815e-13,0
2025-07-11T23:51:31,146,0,5.190410795673701e-12,7.876593542015773e-12,0
2025-07-11T23:56:32,142,0,2.805703916916457e-12,9.997716949327865e-12,0
2025-07-12T00:01:33,135,0,4.4465643567679664e-11,8.40298523206647e-10,0
2025-07-12T00:06:33,132,0,4.763365484309746e-12,1.9773378281728707e-09,0
2025-07-12T00:11:32,129,0,9.788004925934393e-13,3.624163628296763e-08,0
2025-07-12T00:16:33,127,0,1.116141179375391e-12,5.187965790492356e-08,0
2025-07-12T00:21:33,132,0,1.0718897157906706e-16,9.172412034575926e-09,0
2025-07-12T00:26:33,136,0,7.442451289871484e-18,1.7186600892418353e-09,0
2025-07-12T00:31:33,137,0,3.992499738888012e-16,1.4784525236376178e-10,0
2025-07-12T00:36:33,135,0,1.2645317934320079e-13,5.82475146181907e-11,0
2025-07-12T00:41:33,139,0,2.1010492844466478e-16,1.686702240028819e-12,0
2025-07-12T00:46:33,145,0,1.1620515911974173e-19,7.865946421757345e-13,0
2025-07-12T00:51:33,147,0,1.207772244713142e-18,1.7238518738310223e-13,0
2025-07-12T00:56:33,144,0,4.651242116403589e-15,1.0419185938026684e-13,0
2025-07-12T01:01:33,139,0,1.8955898637822276e-12,1.6808581905973386e-13,0
2025-07-12T01:06:32,134,0,8.451560536140432e-12,4.331057985089583e-12,0
2025-07-12T01:11:32,127,0,2.586284256532013e-10,2.034624211418105e-09,0
2025-07-12T01:16:32,127,0,2.0706729135677378e-13,1.1474470317347867e-08,0
2025-07-12T01:21:32,131,0,3.0322370950478275e-17,1.3944579494582705e-08,0
2025-07-12T01:26:32,135,0,2.4882631315595542e-18,1.161146673951216e-09,0
2025-07-12T01:31:32,139,0,2.4099707549047414e-18,6.092467424911457e-11,0
2025-07-12T01:36:32,141,0,4.962787502686947e-17,7.115703846690542e-12,0
2025-07-12T01:41:32,142,0,4.23338124026873e-16,1.988957201726516e-12,0
2025-07-12T01:46:32,142,0,1.2921735653841841e-15,1.5875989061789705e-12,0
2025-07-12T01:51:33,142,0,1.0832766226272126e-15,1.1454711722153539e-12,0
2025-07-12T01:56:32,142,0,5.219465628023656e-16,1.1159191000045917e-12,0
2025-07-12T02:01:33,140,0,4.170586505581515e-15,1.2199913256746588e-12,0
2025-07-12T02:06:32,137,0,6.426618040404198e-14,4.5918082037476886e-12,0
2025-07-12T02:11:32,137,0,4.1737925899633904e-15,1.2957919722922833e-11,0
2025-07-12T02:16:32,139,0,6.908985473941444e-17,2.917456196547295e-11,0
2025-07-12T02:21:33,134,0,2.9664440906601447e-13,6.297112170985822e-10,0
2025-07-12T02:26:32,133,0,1.9042786528147976e-13,2.2904097147439471e-10,0
2025-07-12T02:31:32,133,0,1.0152903151633695e-14,7.78845294398438e-10,0
2025-07-12T02:36:32,134,0,1.5026525069169616e-15,7.655689739290688e-10,0
2025-07-12T02:41:33,136,0,1.4788656635661396e-16,5.496322270837817e-10,0
2025-07-12T02:46:32,137,0,3.9474742690517573e-16,1.2754806661807173e-10,0
2025-07-12T02:51:32,133,0,5.214095745698295e-13,2.601742065397094e-10,0
2025-07-12T02:56:32,131,0,9.07146527839153e-13,1.6891394732349465e-10,0
2025-07-12T03:01:32,131,0,2.6982551278820035e-14,6.204249336227394e-10,0
2025-07-12T03:06:32,131,0,8.34937662817531e-15,2.4157031632988846e-09,0
2025-07-12T03:11:32,131,0,5.6752220898138615e-15,1.449917552837276e-09,0
2025-07-12T03:16:32,131,0,8.217676552929885e-15,6.040046729756576e-10,0
2025-07-12T03:21:32,134,0,1.6526719239967551e-16,1.110167800475969e-10,0
2025-07-12T03:26:32,132,0,1.8600662588974777e-14,4.723442207690482e-10,0
2025-07-12T03:31:32,133,0,7.236708175453025e-15,1.1268480425910908e-10,0
2025-07-12T03:36:32,126,0,7.396491231283718e-11,6.532556874968152e-09,0
2025-07-12T03:41:32,121,0,1.1132474343027965e-09,8.90958076007751e-09,0
2025-07-12T03:46:33,125,0,2.9305995433634473e-15,1.0940495696207377e-08,0
2025-07-12T03:51:32,129,0,1.3523754773067544e-17,1.1714588865475543e-08,0
2025-07-12T03:56:32,122,0,1.9921468199657462e-11,1.3430206766386116e-07,0
2025-07-12T04:01:32,121,0,1.5991284859135458e-11,5.451127214613626e-09,0
2025-07-12T04:06:32,124,0,5.64528662664368e-15,5.534707662322819e-09,0
2025-07-12T04:11:32,124,0,1.7333802324124658e-14,3.8396253050099226e-08,0
2025-07-12T04:16:32,120,0,1.2143957579395086e-11,1.2712736115226413e-07,0
2025-07-12T04:21:33,131,0,5.819534622986571e-19,1.667084831833615e-10,0
2025-07-12T04:26:32,135,0,2.3473342438380737e-19,1.176153292026608e-10,0
2025-07-12T04:31:32,138,0,8.700811644330847e-18,7.419416435550198e-13,0
2025-07-12T04:36:32,142,0,2.739478559652611e-18,8.147335701780559e-14,0
2025-07-12T04:41:32,145,0,5.8700182834860934e-18,1.0124898556375958e-14,0
2025-07-12T04:46:32,146,0,1.5988921492734533e-17,4.159441194153705e-15,0
2025-07-12T04:51:32,147,0,2.3227038963670397e-17,1.5007486788349477e-15,0
2025-07-12T04:56:32,149,0,4.460282562818803e-18,1.265447891854437e-15,0
2025-07-12T05:01:33,149,0,1.7896211337265032e-17,2.3099290203624242e-15,0
2025-07-12T05:06:33,150,0,6.984571256819668e-18,5.119506695046677e-16,0
2025-07-12T05:11:33,148,0,4.2573727100536993e-16,1.400632606954022e-14,0
2025-07-12T05:16:32,146,0,3.592433209580316e-15,5.142087273211006e-14,0
2025-07-12T05:21:32,143,0,1.9785082873870474e-14,9.004051849684455e-13,0
2025-07-12T05:26:32,140,0,7.45358211480698e-14,1.0107745604950762e-11,0
2025-07-12T05:31:32,132,0,1.2953282152386717e-10,1.3460240411549318e-09,0
2025-07-12T05:36:33,130,0,3.0509959206137955e-12,3.187157322958658e-09,0
2025-07-12T05:41:33,127,0,9.571751216900741e-13,1.0076657901577846e-07,0
2025-07-12T05:46:33,113,0,1.609442717573437e-05,2.235397810122551e-05,0
2025-07-12T05:51:33,111,0,9.648139438914761e-09,7.013394450275018e-06,0
2025-07-12T05:56:32,116,0,4.3607254630657945e-15,1.3128427216676439e-05,0
2025-07-12T06:01:33,117,0,1.1073719213023503e-14,1.4396831799223437e-05,0
2025-07-12T06:06:33,114,0,2.369311641521122e-11,3.93948606812244e-06,0
2025-07-12T06:11:33,110,0,5.777878320833871e-09,4.393192302926688e-07,0
2025-07-12T06:16:32,107,0,6.102283711761466e-09,1.1947058057152337e-06,0
2025-07-12T06:21:32,106,0,1.6988258000422434e-10,5.172348123110216e-06,0
2025-07-12T06:26:32,105,0,5.682751716727311e-11,2.374235649699872e-05,0
2025-07-12T06:31:32,93,0,0.0003110355139308197,0.002499548135946743,0
2025-07-12T06:36:33,96,0,9.777697807065234e-10,1.6479491099424482e-05,0
2025-07-12T06:41:32,93,0,8.500432587679681e-10,0.003431735132593699,0
2025-07-12T06:46:32,95,0,5.4577312529787746e-11,0.0008465368506327112,0
2025-07-12T06:51:32,96,0,1.1361848445124674e-11,0.0024331671529299287,0
2025-07-12T06:56:32,96,0,1.8542455734087607e-10,0.00012765512337705712,0
2025-07-12T07:01:33,106,0,1.6516620693628076e-16,1.0226373256877123e-06,0
2025-07-12T07:06:33,88,0,0.007801168303003678,0.006626230797907041,0
2025-07-12T07:11:33,85,0,0.0007979517429065141,9.056428942626095e-05,0
2025-07-12T07:16:33,83,0,1.0324859584855599e-07,0.07291612383528706,0
2025-07-12T07:21:33,82,0,1.0928108255633476e-08,0.03614538540012823,0
2025-07-12T07:26:32,98,0,1.6918276409032879e-19,0.0002912960209272237,0
2025-07-12T07:31:33,123,0,1.0404452118516553e-29,9.85141013480209e-11,0
2025-07-12T07:36:32,127,0,3.1964738835359696e-21,7.540078434974236e-13,0
2025-07-12T07:41:32,125,0,5.908284797191531e-13,3.53486776340596e-16,0
2025-07-12T07:46:32,117,0,1.1140219275515563e-07,2.6451978219569865e-15,0
2025-07-12T07:51:32,114,0,6.534178343057904e-09,1.5919665803935778e-12,0
2025-07-12T07:56:33,120,0,3.702154814159392e-17,7.20771993164744e-13,0
2025-07-12T08:01:33,124,0,5.770231422501057e-19,3.3390608944834073e-13,0
2025-07-12T08:06:32,122,0,2.9026387434350266e-15,6.248706202437588e-14,0
2025-07-12T08:11:32,121,0,5.746799836905116e-14,3.0351283744386888e-15,0
2025-07-12T08:16:33,123,0,5.8886430619898594e-15,1.5071142779995123e-13,0
2025-07-12T08:21:32,123,0,4.868976447050615e-14,1.4473693478794845e-10,0
2025-07-12T08:26:33,124,0,2.8367092834779103e-14,2.6600733713178926e-10,0
2025-07-12T08:31:33,126,0,3.5005676332256124e-15,1.0845362237234118e-10,0
2025-07-12T08:36:33,129,0,1.9958441764495928e-16,1.119394598875731e-11,0
2025-07-12T08:41:33,133,0,8.827809635434246e-18,2.844686379371591e-12,0
2025-07-12T08:46:33,133,0,8.451782320764266e-16,8.570759296907924e-12,0
2025-07-12T08:51:33,133,0,8.486786344644876e-15,5.131322823627888e-12,0
2025-07-12T08:56:33,144,0,1.6059942351323487e-21,2.4648001010359386e-14,0
2025-07-12T09:01:32,160,0,3.5941679777611457e-28,3.82838296427449e-17,0
2025-07-12T09:06:33,176,0,8.718463131530187e-31,3.0943309614728352e-21,0
2025-07-12T09:11:32,187,0,4.033576598352029e-29,9.386840866895282e-26,0
2025-07-12T09:16:33,192,0,3.3006009194257296e-25,2.7751762635636305e-29,0
2025-07-12T09:21:32,189,0,7.710333151206728e-20,1.51493903701553e-29,0
2025-07-12T09:26:32,188,0,1.6599302985837096e-19,5.118472201349258e-29,0
2025-07-12T09:31:32,185,0,2.810921173940316e-19,1.9711999277862358e-26,0
2025-07-12T09:36:33,178,0,1.054714676179219e-16,4.928237692041936e-24,0
2025-07-12T09:41:33,167,0,4.586587377770037e-13,4.7396660418062515e-21,0
2025-07-12T09:46:33,159,0,1.4218863005171484e-12,4.636029747639171e-18,0
2025-07-12T09:51:33,146,0,2.898842962171855e-09,3.110243558897058e-13,0
2025-07-12T09:56:32,134,0,3.0953168001527873e-07,4.812699108466774e-10,0
2025-07-12T10:01:33,125,0,9.034405982708456e-08,1.4240282647266393e-07,0
2025-07-12T10:06:33,122,0,1.1352360151582505e-10,8.76575892308298e-07,0
2025-07-12T10:11:33,119,0,1.9559955363466006e-11,3.5653488762876963e-06,0
2025-07-12T10:16:33,116,0,1.5867550348284767e-10,4.7423955092658644e-07,0
2025-07-12T10:21:33,113,0,1.1321182483245038e-09,5.2588900473935584e-08,0
2025-07-12T10:26:33,113,0,8.293046031116685e-11,4.242784199929091e-09,0
2025-07-12T10:31:33,110,0,1.011667994255512e-09,8.657328646320213e-09,0
2025-07-12T10:36:33,110,0,1.4281335934420826e-10,3.818438967126759e-09,0
2025-07-12T10:41:32,108,0,3.305573818172304e-10,1.2902853298563193e-08,0
2025-07-12T10:46:33,117,0,2.550273237648516e-16,1.9123285824269567e-10,0
2025-07-12T10:51:33,127,0,1.3440161845333402e-20,3.6197900523584375e-11,0
2025-07-12T10:56:33,140,0,1.444160134900746e-23,3.380119165352105e-14,0
2025-07-12T11:01:33,151,0,2.225583441075722e-24,4.5439179086863653e-17,0
2025-07-12T11:06:33,161,0,2.486403045259595e-24,6.241008516182572e-21,0
2025-07-12T11:11:32,170,0,6.699970690223203e-25,5.6885279940573846e-24,0
2025-07-12T11:16:33,170,0,1.7435295772198806e-20,1.0201130058514879e-24,0
2025-07-12T11:21:33,170,0,4.3143441455011574e-19,7.094381929299398e-26,0
2025-07-12T11:26:33,170,0,1.476215375462445e-19,2.2479348222994253e-25,0
2025-07-12T11:31:32,163,0,6.831331032901844e-16,1.8118771406860306e-23,0
2025-07-12T11:36:33,152,0,2.7745874889040698e-11,1.0043390121413522e-19,0
2025-07-12T11:41:33,146,0,4.6575306893912885e-12,6.128821918700666e-17,0
2025-07-12T11:46:33,153,0,4.1819725824419286e-20,9.938104613682266e-16,0
2025-07-12T11:51:33,170,0,2.150913643194336e-29,1.3031087876825543e-16,0
2025-07-12T11:56:33,194,0,1.1030203595767183e-36,4.535890765878538e-21,0
2025-07-12T12:01:33,214,0,3.923629338294333e-37,1.872672654942622e-26,0
2025-07-12T12:06:33,226,0,9.123949085965863e-33,3.996940526475505e-32,0
2025-07-12T12:11:33,235,0,2.322742487950596e-30,3.047438956476899e-36,0
2025-07-12T12:16:33,247,0,7.962957161238114e-33,1.7948169401700112e-39,0
2025-07-12T12:21:33,259,0,1.1799568761149233e-35,1.858113687500313e-42,0
2025-07-12T12:26:33,272,0,2.413177469639411e-38,2.5303580315672843e-47,0
2025-07-12T12:31:33,277,0,1.661370265940945e-35,6.886208418068965e-51,0
2025-07-12T12:36:33,275,0,6.834065125045662e-30,5.6331844391275e-52,0
2025-07-12T12:41:33,274,0,1.4842347023832305e-28,7.2764275803676e-51,0
2025-07-12T12:46:33,269,0,3.214997406286743e-26,3.828089360988426e-47,0
2025-07-12T12:51:33,265,0,9.562248458111678e-26,1.0538088121159715e-43,0
2025-07-12T12:56:33,253,0,3.1280783287077438e-21,2.8613481045717613e-38,0
2025-07-12T13:01:33,245,0,6.4930381846790514e-21,4.942643520605468e-34,0
2025-07-12T13:06:33,235,0,3.511711980630764e-20,5.594899491064762e-28,0
2025-07-12T13:11:33,227,0,5.504523895862418e-20,3.371566098616374e-24,0
2025-07-12T13:16:33,218,0,4.994350824491023e-19,5.759132204190593e-21,0
2025-07-12T13:21:33,204,0,1.4351467088874125e-14,3.4654301304442987e-19,0
2025-07-12T13:26:33,203,0,1.5579741490084784e-19,1.0106166072655614e-19,0
2025-07-12T13:31:33,202,0,6.344397419005274e-22,5.221586198673608e-19,0
2025-07-12T13:36:33,205,0,8.641357834757081e-24,1.058778833911388e-20,0
2025-07-12T13:41:34,206,0,2.3853723782492864e-23,1.0675427611938325e-21,0
2025-07-12T13:46:34,207,0,1.9202973188267424e-22,1.2306509046717368e-23,0
2025-07-12T13:51:33,209,0,3.3271550229545164e-23,6.479026007196871e-24,0
2025-07-12T13:56:33,208,0,5.568683696795396e-22,1.3083800787002829e-23,0
2025-07-12T14:01:33,204,0,8.709362686062107e-20,1.2287043500803808e-22,0
2025-07-12T14:06:33,202,0,3.236787802858808e-20,6.28804397999401e-22,0
2025-07-12T14:11:33,193,0,9.413502078647594e-17,9.603246512217672e-20,0
2025-07-12T14:16:33,180,0,3.208782499760752e-12,2.3349398842895083e-17,0
2025-07-12T14:21:33,172,0,3.4406058733087114e-13,1.992578623639292e-15,0
2025-07-12T14:26:34,170,0,5.1949187730777643e-17,7.993558599161894e-14,0
2025-07-12T14:31:33,174,0,1.1574485324174229e-21,1.696268452549306e-13,0
2025-07-12T14:36:33,173,0,5.47076508852104e-20,1.6227802604533265e-13,0
2025-07-12T14:41:33,165,0,5.570471577021567e-14,4.778242622213409e-14,0
2025-07-12T14:46:33,160,0,4.193115256896844e-13,1.8039625268982724e-14,0
2025-07-12T14:51:34,157,0,1.667492821942328e-14,1.3103207726274228e-13,0
2025-07-12T14:56:33,149,0,5.721842317747797e-12,1.0580137324196741e-11,0
2025-07-12T15:01:33,150,0,1.5784659503292535e-15,2.115207273274693e-12,0
2025-07-12T15:06:33,149,0,2.5173192812856097e-16,4.045380905955152e-12,0
2025-07-12T15:11:33,152,0,4.519068627252626e-18,2.2813459744895266e-13,0
2025-07-12T15:16:33,154,0,1.3621959043160009e-18,2.318323100274874e-13,0
2025-07-12T15:21:33,162,0,1.1273566316953785e-21,3.748189446191243e-15,0
2025-07-12T15:26:33,159,0,2.4366823582275834e-17,5.79591486645444e-14,0
2025-07-12T15:31:33,151,0,9.816320141675445e-12,4.4364848585414805e-14,0
2025-07-12T15:36:33,141,0,5.684692534544308e-09,3.0159301715123425e-12,0
2025-07-12T15:41:34,137,0,2.262811824751622e-11,6.056944183103925e-11,0
2025-07-12T15:46:34,134,0,1.5462375506558616e-13,5.880435853689297e-09,0
2025-07-12T15:51:33,136,0,2.507621214561811e-16,4.803584687933221e-09,0
2025-07-12T15:56:33,139,0,6.619817602557291e-18,1.24014426034254e-09,0
2025-07-12T16:01:33,148,0,1.9945922330777106e-21,5.232529820241113e-12,0
2025-07-12T16:06:33,155,0,3.730150051666607e-22,2.0046257881694083e-13,0
2025-07-12T16:11:33,160,0,8.916091201460147e-21,4.159000148839923e-15,0
2025-07-12T16:16:33,159,0,2.4901633812371978e-17,1.0094219774229596e-15,0
2025-07-12T16:21:33,160,0,2.3107363409018918e-17,5.614874670023512e-17,0
2025-07-12T16:26:33,160,0,5.4603037316920254e-18,9.860813190634953e-17,0
2025-07-12T16:31:33,155,0,3.2037922899402043e-15,1.2065499489701893e-15,0
2025-07-12T16:36:33,150,0,5.957961942706699e-14,9.026239376860625e-15,0
2025-07-12T16:41:33,146,0,5.134043870081106e-14,1.9916131011672484e-13,0
2025-07-12T16:46:33,149,0,4.85141958197389e-18,3.687865596506319e-13,0
2025-07-12T16:51:34,152,0,1.0884732279230542e-19,2.2509864169837832e-12,0
2025-07-12T16:56:34,151,0,3.5146950106677736e-17,1.919754144461555e-12,0
2025-07-12T17:01:33,153,0,1.2828710558249063e-17,2.1162604826335318e-13,0
2025-07-12T17:06:34,152,0,1.5136973174118095e-16,3.086986389322688e-13,0
2025-07-12T17:11:33,152,0,1.7085751743666328e-16,3.3328522668329726e-13,0
2025-07-12T17:16:33,146,0,2.5503789856387995e-13,1.16865099982948e-11,0
2025-07-12T17:21:33,139,0,6.936729805085015e-11,4.141191316284264e-11,0
2025-07-12T17:26:33,128,0,7.319906065451553e-08,7.568892120888377e-09,0
2025-07-12T17:31:33,119,0,3.453824774544566e-07,2.629080506544117e-07,0
2025-07-12T17:36:33,114,0,3.6212949826619684e-09,2.0540784696835697e-05,0
2025-07-12T17:41:33,112,0,4.379095474841351e-11,0.0001329812221632085,0
2025-07-12T17:46:34,110,0,2.841108294017263e-11,0.00020375920364208103,0
2025-07-12T17:51:33,111,0,2.5661527142231508e-12,2.1835078735580844e-05,0
2025-07-12T17:56:33,112,0,1.1272856545998115e-12,4.096869326001119e-06,0
2025-07-12T18:01:33,115,0,1.0549702350346203e-13,3.114257598392588e-07,0
2025-07-12T18:06:33,115,0,1.1846771551072647e-12,1.2419880775550024e-07,0
2025-07-12T18:11:34,117,0,3.299550272192981e-13,7.557617222890357e-09,0
2025-07-12T18:16:33,116,0,2.2834404761010554e-12,6.169152123508071e-09,0
2025-07-12T18:21:34,121,0,1.7075009629906228e-15,1.4687266899882082e-10,0
2025-07-12T18:26:34,120,0,4.6021869090983096e-14,8.955748766549417e-10,0
2025-07-12T18:31:33,123,0,4.277829933701392e-15,4.948005586541878e-11,0
2025-07-12T18:36:33,128,0,1.0891443486472022e-17,1.5149487881226366e-11,0
2025-07-12T18:41:33,141,0,2.446384661456954e-23,1.9927554969391552e-14,0
2025-07-12T18:46:33,152,0,2.4614314207593624e-25,1.5570801977655703e-16,0
2025-07-12T18:51:33,152,0,4.557207506882443e-19,6.1385758417536966e-18,0
2025-07-12T18:56:33,146,0,4.768897056753411e-13,2.9795414333946688e-18,0
2025-07-12T19:01:34,139,0,1.1191647223681853e-10,1.4360868264877132e-16,0
2025-07-12T19:06:33,136,0,7.313418789420301e-13,2.0749624066578584e-14,0
2025-07-12T19:11:33,135,0,4.465833571997677e-15,6.637607678520515e-12,0
2025-07-12T19:16:33,139,0,1.7400486530962752e-18,2.5695885761552714e-12,0
2025-07-12T19:21:34,146,0,2.0262838292607102e-21,1.5028521984252467e-13,0
2025-07-12T19:26:33,150,0,1.857314716295157e-20,1.1560845340688214e-14,0
2025-07-12T19:31:34,152,0,2.047552336688875e-18,4.1620494026949e-15,0
2025-07-12T19:36:34,150,0,1.8797091453808594e-15,1.758628074552225e-14,0
2025-07-12T19:41:33,151,0,2.445572669696554e-16,1.1605455920132651e-14,0
2025-07-12T19:46:34,155,0,2.2221185331610247e-19,9.931787601192496e-15,0
2025-07-12T19:51:33,158,0,3.3311493006315637e-20,2.832146687806106e-15,0
2025-07-12T19:56:33,163,0,1.3155580248269296e-21,1.0753702207432556e-16,0
2025-07-12T20:01:33,169,0,5.07227439555417e-23,2.198515747874031e-18,0
2025-07-12T20:06:34,170,0,1.059630479321697e-20,1.0317459134022383e-18,0
2025-07-12T20:11:34,176,0,1.4543905137911293e-22,4.853433192378403e-20,0
2025-07-12T20:16:33,182,0,3.1828273350386643e-24,1.0608515475759287e-20,0
2025-07-12T20:21:33,183,0,6.350471863235069e-22,4.799118129086896e-21,0
2025-07-12T20:26:34,189,0,3.86339387625212e-24,8.652594363420015e-23,0
2025-07-12T20:31:34,194,0,3.2509732720415774e-25,1.849227460625236e-23,0
2025-07-12T20:36:34,201,0,9.799181311646432e-27,9.646367203531666e-25,0
2025-07-12T20:41:34,212,0,2.690617434151656e-30,8.373531104331147e-27,0
2025-07-12T20:46:34,212,0,1.7138824326194688e-25,4.5571014706974145e-27,0
2025-07-12T20:51:34,204,0,2.3904910525116905e-18,2.2332696811784006e-26,0
2025-07-12T20:56:34,189,0,5.8651365145063256e-12,2.2999771153404053e-23,0
2025-07-12T21:01:34,172,0,3.503647417682889e-08,8.816812390250035e-19,0
2025-07-12T21:06:34,154,0,3.6277629321950717e-06,3.6690288868355327e-13,0
2025-07-12T21:11:33,141,0,2.2593249710533158e-07,1.049344057366521e-09,0
2025-07-12T21:16:34,127,0,2.472803968652919e-06,1.2043369120960926e-06,0
2025-07-12T21:21:34,116,0,7.813519713461775e-06,5.596146237920824e-06,0
2025-07-12T21:26:34,109,0,5.82535750609624e-07,5.309720684621961e-06,0
2025-07-12T21:31:33,100,0,5.110971983078325e-05,3.7244511233352077e-06,0
2025-07-12T21:36:33,99,0,9.157372737134594e-08,6.070537726167527e-08,0
2025-07-12T21:41:33,101,0,1.416244367687691e-10,2.4499277207380306e-09,0
2025-07-12T21:46:34,69,1,0.9999999998879805,9.484814239173046e-17,1
2025-07-12T21:51:34,63,0,0.9999965399636429,8.695942032411861e-16,1
2025-07-12T21:56:34,64,0,0.0001394252957541823,1.1427196982972546e-07,0
2025-07-12T22:01:33,77,0,1.1006949479220114e-13,3.596028146165183e-08,0
2025-07-12T22:06:34,79,0,1.2885380010996955e-11,4.660211941117838e-06,0
2025-07-12T22:11:34,100,0,1.0550531666815874e-19,1.5084787916500172e-12,0
2025-07-12T22:16:33,99,0,5.422313238932807e-13,3.921992007077639e-10,0
2025-07-12T22:21:34,92,0,0.00010199253102725812,8.573537025536404e-11,0
2025-07-12T22:26:34,88,0,3.0000597734710253e-05,4.184573998898941e-08,0
2025-07-12T22:31:34,88,0,4.1661375027114466e-08,3.373164604795284e-06,0
2025-07-12T22:36:34,88,0,1.9075699524556193e-11,5.103833028141706e-07,0
2025-07-12T22:41:34,89,0,1.8091993344212946e-12,3.4135101013401176e-08,0
2025-07-12T22:46:34,87,0,1.465682534653926e-10,8.118004217919421e-08,0
2025-07-12T22:51:33,84,0,4.423262327344357e-08,1.4372495630420652e-05,0
2025-07-12T22:56:34,79,0,3.200484111093574e-06,0.0006164238937163603,0
2025-07-12T23:01:35,81,0,7.972578451889133e-09,0.030245624396131036,0
2025-07-12T23:06:35,83,0,9.566305585098553e-11,0.0912925026095051,0
2025-07-12T23:11:35,81,0,1.237868042820052e-08,0.04636695041253687,0
2025-07-12T23:16:34,81,0,1.0048261719467132e-08,0.0066011820473149746,0
2025-07-12T23:21:34,80,0,2.4043168420939713e-08,0.008921452952791736,0
2025-07-12T23:26:35,45,1,0.999999987038809,1.2961151886179238e-08,1
2025-07-12T23:31:34,80,0,1.1220914305048274e-18,0.00010334131194439181,0
2025-07-12T23:36:35,92,0,9.516403271053162e-25,0.6150873423269833,0
2025-07-13T01:41:35,272,0,1.3055226359418445e-121,3.8626045649556123e-59,0
2025-07-13T01:46:35,280,0,5.59830967032136e-73,1.0890784295764707e-65,0
2025-07-13T01:51:35,279,0,1.8789402600723076e-25,1.62339561677755e-103,0
2025-07-13T01:56:35,302,0,5.142782401075338e-38,5.0453855237017325e-117,0
2025-07-13T02:01:35,304,0,7.279212022409938e-33,1.334940747006306e-124,0
2025-07-13T02:06:35,316,0,8.249589353938718e-42,7.139898207077788e-124,0
2025-07-13T02:11:36,313,0,4.491641399262719e-36,1.014716570450298e-127,0
2025-07-13T02:16:35,304,0,2.0997316495172955e-38,9.760624569231726e-156,0
2025-07-13T02:21:35,299,0,1.2517480029017776e-29,8.474673209463626e-126,0
2025-07-13T02:26:35,290,0,1.9810216895642488e-26,2.971949313358265e-115,0
2025-07-13T02:31:35,284,0,1.053525312406004e-20,3.18634371721469e-89,0
2025-07-13T02:36:35,276,0,1.913431587607519e-20,1.1807214377738922e-79,0
2025-07-13T02:41:35,268,0,4.107588727116776e-20,1.4755940039470906e-69,0
2025-07-13T02:46:35,260,0,5.7510698053248435e-21,8.801293700750049e-52,0
2025-07-13T02:51:36,254,0,1.2611491199808831e-22,1.6932177078821886e-38,0
2025-07-13T02:56:36,248,0,1.0065677066287801e-23,4.140617694364814e-25,0
2025-07-13T03:01:35,242,0,7.174464373143387e-23,6.816896895490695e-25,0
2025-07-13T03:06:35,246,0,6.6870111436787e-28,2.9262405756182456e-26,0
2025-07-13T03:11:35,245,0,3.255487089353941e-27,3.6663095613544025e-26,0
2025-07-13T03:16:36,235,0,1.6642542430675003e-20,2.6161837984312613e-26,0
2025-07-13T03:21:35,224,0,7.841741084426093e-17,4.795171006307301e-26,0
2025-07-13T03:26:36,222,0,7.463686840438327e-21,2.293459843951468e-25,0
2025-07-13T03:31:36,213,0,5.394027665097879e-19,4.570460375562253e-22,0
2025-07-13T03:36:35,210,0,2.874934201506429e-20,6.743156341644697e-22,0
2025-07-13T03:41:35,210,0,7.982033162044996e-23,2.4934491231335044e-21,0
2025-07-13T03:46:36,197,0,1.7647125674776734e-15,8.855442509935314e-20,0
2025-07-13T03:51:35,183,0,7.44842847412756e-11,9.037457517854742e-19,0
2025-07-13T03:56:36,164,0,4.38202389176922e-06,6.564535540017016e-16,0
2025-07-13T04:01:35,144,0,0.013130199659873935,2.590626127027362e-13,0
2025-07-13T04:06:35,151,0,1.2153761024926347e-16,1.0218667836842014e-13,0
2025-07-13T04:11:35,156,0,1.0344917253276525e-21,9.175620456586273e-13,0
2025-07-13T04:16:35,154,0,6.953110826416034e-17,1.653216502932278e-14,0
2025-07-13T04:21:35,147,0,2.2781239872424205e-11,3.6784058714378727e-16,0
2025-07-13T04:26:36,140,0,8.70431282543353e-09,1.266348626933176e-16,0
2025-07-13T04:31:35,135,0,8.405092665378872e-10,4.472640476590603e-14,0
2025-07-13T04:36:36,131,0,6.88852014687644e-11,3.657204711654657e-12,0
2025-07-13T04:41:35,121,0,2.3344262154630042e-07,2.297095613749472e-10,0
2025-07-13T04:46:35,106,0,0.03840247210433224,7.215597726403775e-09,0
2025-07-13T04:51:35,104,0,2.074413947673197e-07,4.471703864607276e-09,0
2025-07-13T04:56:35,99,0,3.6864197780220145e-08,9.026877185625231e-06,0
2025-07-13T05:01:35,111,0,5.223124684122139e-17,6.196036592712868e-07,0
2025-07-13T05:06:35,122,0,4.748678032453017e-21,2.544877168315066e-07,0
2025-07-13T05:11:35,125,0,1.5802279354526007e-16,8.312332368405532e-10,0
2025-07-13T05:16:35,118,0,4.425429055743038e-09,3.769322861767757e-10,0
2025-07-13T05:21:35,117,0,1.293640580235338e-09,1.8843385975931764e-11,0
2025-07-13T05:26:35,117,0,3.4813381317697357e-12,1.5823261138515224e-09,0
2025-07-13T05:31:36,118,0,7.994382178120933e-14,5.4652985504477145e-09,0
2025-07-13T05:36:35,121,0,5.222224817016924e-16,3.441641122893743e-10,0
2025-07-13T05:41:35,127,0,2.437652276450359e-18,5.518212855404718e-12,0
2025-07-13T05:46:36,131,0,1.4191494109900403e-18,1.7216327747513052e-13,0
2025-07-13T05:51:36,134,0,2.1431558674865896e-17,1.696405919265816e-13,0
2025-07-13T05:56:36,137,0,4.2090825006925634e-17,1.5543477989304374e-13,0
2025-07-13T06:01:36,139,0,8.35410370872574e-17,7.536938928653599e-14,0
2025-07-13T06:06:36,142,0,7.483723556923053e-18,5.999447276115083e-15,0
2025-07-13T06:11:35,144,0,5.601532813639454e-18,3.0029300386509213e-15,0
2025-07-13T06:16:36,142,0,1.0816995817139065e-15,9.438145725398806e-15,0
2025-07-13T06:21:35,118,0,0.140954498987398,5.882869288072555e-10,0
2025-07-13T06:26:36,111,0,0.0001882228200962754,2.9475489045342384e-09,0
2025-07-13T06:31:36,118,0,4.105557518915276e-16,7.592486917917294e-07,0
2025-07-13T06:36:36,129,0,2.3877440345912487e-22,4.217711805731475e-07,0
2025-07-13T06:41:35,129,0,1.6443162547105926e-17,1.9124268468833855e-07,0
2025-07-13T06:46:36,125,0,2.1409802469232073e-11,4.5874744244426144e-10,0
2025-07-13T06:51:35,114,0,1.3898475522401191e-05,1.1077160488384234e-08,0
2025-07-13T06:56:36,109,0,7.570943172142405e-07,3.8371880526932255e-07,0
2025-07-13T07:01:36,112,0,4.970651882328687e-13,1.9589954381793804e-05,0
2025-07-13T07:06:36,114,0,1.4282774006794632e-14,4.8421275114838025e-05,0
2025-07-13T07:11:36,121,0,6.87099959479667e-18,1.4548855931393695e-08,0
2025-07-13T07:16:35,120,0,1.3691469164699618e-14,1.0815264408578257e-09,0
2025-07-13T07:21:35,121,0,2.082532089185362e-13,9.254853308548762e-11,0
2025-07-13T07:26:35,127,0,8.40753639646815e-17,1.392505904160616e-10,0
2025-07-13T07:31:35,126,0,2.0234155373554144e-14,7.337200960723958e-10,0
2025-07-13T07:36:36,119,0,1.3954166420482634e-09,5.786699753472596e-09,0
2025-07-13T07:41:35,117,0,8.008672322605662e-11,1.0496080619461263e-09,0
2025-07-13T07:46:36,116,0,1.327425636243601e-12,7.028227299634969e-09,0
2025-07-13T07:51:35,116,0,1.581913748103918e-13,6.806702952760386e-08,0
2025-07-13T07:56:36,114,0,1.88395730302199e-12,3.1392406646411876e-07,0
2025-07-13T08:01:36,114,0,1.7379682612293578e-12,2.265039751799486e-07,0
2025-07-13T08:06:35,113,0,2.7708305635943415e-12,4.306856399725663e-07,0
2025-07-13T08:11:36,102,0,6.821368044994652e-06,5.05012449840955e-05,0
2025-07-13T08:16:36,93,0,0.0011944351310437262,0.0015563816781537794,0
2025-07-13T08:21:35,94,0,3.3709869799866174e-09,0.005762711008896149,0
2025-07-13T08:26:36,102,0,6.183977176060248e-16,0.0012825573325303194,0
2025-07-13T08:31:35,105,0,2.7800198163050514e-15,0.00039184937913863465,0
2025-07-13T08:36:35,109,0,1.6332611111964033e-14,6.241565827156305e-07,0
2025-07-13T08:41:36,118,0,1.0905287728730837e-17,1.0294391977951595e-09,0
2025-07-13T08:46:36,123,0,2.230209399342633e-17,7.272689230734951e-11,0
2025-07-13T08:51:36,126,0,4.367533308731134e-16,6.9741744218634956e-12,0
2025-07-13T08:56:36,131,0,2.9155412624990754e-17,1.9286974312199277e-13,0
2025-07-13T09:01:36,134,0,1.3843252787811569e-17,3.4808772106162266e-15,0
2025-07-13T09:06:36,139,0,1.8448912270433407e-19,1.7390936282765398e-17,0
2025-07-13T09:11:36,149,0,1.4034835816098534e-23,1.0538500822261303e-19,0
2025-07-13T09:16:35,157,0,3.945885640125978e-24,9.149518004936163e-21,0
2025-07-13T09:21:35,163,0,3.16407810841848e-23,7.151301794495923e-23,0
2025-07-13T09:26:35,160,0,8.426354900317822e-18,9.360031039909178e-23,0
2025-07-13T09:31:35,165,0,4.569315500113407e-20,1.0621235344856309e-23,0
2025-07-13T09:36:35,167,0,7.492761380242503e-21,5.894994633996335e-22,0
2025-07-13T09:41:36,176,0,8.5295256532914e-25,2.4112102305180086e-23,0
2025-07-13T09:46:36,170,0,2.2124268248222592e-18,9.54883368800876e-21,0
2025-07-13T09:51:35,170,0,8.954821678306726e-18,4.499513239616365e-22,0
2025-07-13T09:56:34,173,0,4.5285735550469186e-21,1.4527869617734848e-20,0
2025-07-13T10:01:35,175,0,2.8910237740163154e-21,1.3430981569785335e-19,0
2025-07-13T10:06:35,184,0,1.3901329148188655e-25,3.540274851356262e-20,0
2025-07-13T10:11:35,182,0,4.866146551342053e-21,1.8538237140426053e-19,0
2025-07-13T10:16:34,186,0,5.565594761495038e-22,1.2440579938098647e-21,0
2025-07-13T10:21:34,189,0,3.7425957318620485e-23,7.2686206588744e-21,0
2025-07-13T10:26:35,187,0,2.722536909086415e-20,2.1590317239601868e-20,0
2025-07-13T10:31:35,184,0,1.2441997580562576e-18,5.221652822715686e-19,0
2025-07-13T10:36:35,181,0,3.3658337637279816e-18,9.798665043365909e-19,0
2025-07-13T10:41:35,178,0,3.779876505408781e-18,1.5721950364106223e-17,0
2025-07-13T10:46:35,171,0,1.2400251391589994e-15,1.6695328922463649e-15,0
2025-07-13T10:51:35,166,0,3.4402091189021645e-15,1.2796870862947549e-14,0
2025-07-13T10:56:35,158,0,3.574399668718922e-13,2.2384021065135362e-12,0
2025-07-13T11:01:35,167,0,9.604979799423733e-22,4.9040632888553156e-14,0
2025-07-13T11:06:35,165,0,1.061551585681434e-19,4.471873967640905e-12,0
2025-07-13T11:11:35,154,0,2.6248181263199723e-11,3.236746113782289e-12,0
2025-07-13T11:16:35,156,0,8.728912610061135e-16,1.6753179047917803e-13,0
2025-07-13T11:21:35,152,0,4.580500786053593e-15,5.650202633370829e-12,0
2025-07-13T11:26:35,162,0,4.41746663030111e-22,1.2451971334063297e-13,0
2025-07-13T11:31:35,159,0,2.0545872624277843e-18,3.1585677368859354e-12,0
2025-07-13T11:36:35,151,0,8.035487005634229e-12,1.0842409325934088e-13,0
2025-07-13T11:41:35,142,0,1.3394128480144498e-09,3.6881965692471455e-12,0
2025-07-13T11:46:35,141,0,2.548908830178381e-13,5.563696357378067e-12,0
2025-07-13T11:51:35,143,0,3.5588027761290916e-17,1.0282482202354739e-09,0
2025-07-13T11:56:35,146,0,1.5535004939827757e-18,3.3469865890313164e-10,0
2025-07-13T12:01:35,147,0,1.0894042634707054e-17,1.3491225186737375e-11,0
2025-07-13T12:06:35,157,0,3.4305455444941034e-22,2.2535236763431148e-14,0
2025-07-13T12:11:35,166,0,1.4626133003663927e-24,6.055337324336923e-16,0
2025-07-13T12:16:35,167,0,3.36306928764034e-20,2.1548942081533383e-16,0
2025-07-13T12:21:36,167,0,4.749496195547115e-18,1.3135287304179596e-17,0
2025-07-13T12:26:36,167,0,4.713589034133374e-18,3.4665400631580585e-18,0
2025-07-13T12:31:36,158,0,2.080937477367186e-13,2.7995837361665585e-16,0
2025-07-13T12:36:36,147,0,8.189582457603842e-10,4.7830038463812135e-14,0
2025-07-13T12:41:36,139,0,3.507235198447929e-10,1.1212881211631316e-11,0
2025-07-13T12:46:36,128,0,2.5385527296891528e-08,2.0364440818001963e-08,0
2025-07-13T12:51:36,120,0,2.024328789174612e-08,1.3847482668586881e-06,0
2025-07-13T12:56:36,111,0,3.385752043470068e-07,0.0001744888103581023,0
2025-07-13T13:01:36,100,0,0.00025991409428138075,0.004396764353584247,0
2025-07-13T13:06:36,89,0,0.018202951337304478,0.05107934669246362,0
2025-07-13T13:11:36,77,0,0.6578717757009332,0.11585429684050373,0
2025-07-13T13:16:37,68,1,0.5397957579990121,0.2744394038959368,0
2025-07-13T13:21:36,66,0,0.0005370667474480245,0.28292589712865185,0
2025-07-13T13:26:36,78,0,3.701336107501191e-13,0.0010470575595354767,0
2025-07-13T13:31:37,101,0,1.2268903177148778e-23,1.1029496388901643e-07,0
2025-07-13T13:36:37,123,0,2.2702537869690135e-27,3.6051101246424733e-13,0
2025-07-13T13:41:36,136,0,1.2613702459716307e-23,1.763057959037136e-18,0
2025-07-13T13:46:36,141,0,3.001911346482927e-18,2.6893609776913617e-22,0
2025-07-13T13:51:37,136,0,6.125797341259806e-12,1.4114255692827296e-22,0
2025-07-13T13:56:36,137,0,1.8419170596720825e-14,3.2242153510322203e-23,0
2025-07-13T14:01:36,145,0,4.347436377195589e-22,8.083821260114627e-25,0
2025-07-13T14:06:36,154,0,1.3081183375138152e-26,1.5540432992397456e-28,0
2025-07-13T14:11:36,160,0,2.2828822738141024e-26,9.495936113033137e-32,0
2025-07-13T14:16:36,169,0,1.5854151305736195e-26,5.436754827060333e-33,0
2025-07-13T14:21:36,190,0,1.649686971968154e-33,5.82335254783763e-35,0
2025-07-13T14:26:37,193,0,1.7305821823029923e-26,4.20309276120983e-33,0
2025-07-13T14:31:36,197,0,4.625762784630788e-23,4.563985396527608e-35,0
2025-07-13T14:36:37,207,0,2.3331017209413697e-27,7.355990654593226e-36,0
2025-07-13T14:41:36,201,0,7.068393345187873e-21,6.33232640315247e-33,0
2025-07-13T14:46:36,194,0,3.1252504550337255e-17,7.785744080937995e-30,0
2025-07-13T14:51:37,184,0,1.1929963555805792e-14,2.8859070823183406e-25,0
2025-07-13T14:56:36,178,0,1.6493085887870215e-15,5.233231942179593e-22,0
2025-07-13T15:01:37,176,0,1.120888273859152e-18,7.456473788505147e-19,0
2025-07-13T15:06:37,175,0,1.360196150424586e-19,1.708395134443996e-17,0
2025-07-13T15:11:36,168,0,1.4672395519170178e-15,4.611505519986663e-15,0
2025-07-13T15:16:36,161,0,3.6742113035483807e-13,2.5169365192593337e-14,0
2025-07-13T15:21:37,152,0,4.123542042573231e-11,2.532077287895005e-12,0
2025-07-13T15:26:36,144,0,2.7509021098077614e-10,1.8357624197242742e-10,0
2025-07-13T15:31:36,132,0,1.735239569543081e-07,2.197002335496461e-08,0
2025-07-13T15:36:36,124,0,1.3144219078856218e-07,3.692473541023345e-08,0
2025-07-13T15:41:37,110,0,0.0005314104409263334,2.0789063482358896e-06,0
2025-07-13T15:46:37,97,0,0.130306854846927,4.771697179927495e-06,0
2025-07-13T15:51:36,97,0,6.140543670820098e-08,3.311724565084595e-06,0
2025-07-13T15:56:36,122,0,3.1966875273976404e-25,4.2802192116565635e-09,0
2025-07-13T16:01:36,138,0,1.4605026037865295e-27,1.4132130339038026e-10,0
2025-07-13T16:06:36,154,0,2.2672605798835167e-26,5.164383904113892e-17,0
2025-07-13T16:11:37,167,0,1.4444014491305552e-25,4.094875539984462e-22,0
2025-07-13T16:16:36,187,0,2.5389661564832107e-30,2.4631533087467306e-28,0
2025-07-13T16:21:37,206,0,1.507037775102867e-34,8.655758903440176e-33,0
2025-07-13T16:26:36,220,0,6.393752512728997e-34,1.2563227593224388e-38,0
2025-07-13T16:31:37,219,0,2.2784934619893835e-26,1.1131443633601979e-42,0
2025-07-13T16:36:37,219,0,9.4663647723535e-25,1.3543686728537322e-47,0
2025-07-13T16:41:37,210,0,2.3815008867460952e-20,8.924696121897546e-45,0
2025-07-13T16:46:37,214,0,1.6030745676728673e-24,1.9716761062630368e-41,0
2025-07-13T16:51:36,215,0,5.37880326126534e-26,1.6460445689931418e-37,0
2025-07-13T16:56:37,211,0,7.450983137597895e-22,1.0266489560898875e-35,0
2025-07-13T17:01:37,209,0,2.4334909900653814e-21,1.441637425875546e-33,0
2025-07-13T17:06:36,206,0,1.778401956376782e-20,1.1202944201640002e-29,0
2025-07-13T17:11:37,190,0,1.3725171378672208e-12,1.368581908393944e-22,0
2025-07-13T17:16:37,164,0,0.01581297603894052,1.3304375699032631e-16,0
2025-07-13T17:21:36,139,0,0.992296979195731,6.409978342844146e-14,1
2025-07-13T17:26:37,120,0,0.7820694213941596,2.4720730921502195e-08,0
2025-07-13T17:31:37,126,0,1.580380640012291e-14,8.619448781666642e-08,0
2025-07-13T17:36:36,142,0,9.490120650979684e-26,2.6184364156061345e-09,0
2025-07-13T17:41:36,160,0,3.1438663876969445e-29,1.462864628157978e-14,0
2025-07-13T17:46:37,177,0,1.9552900882116042e-29,1.4705140997490163e-20,0
2025-07-13T17:51:37,192,0,1.5078564610502623e-28,5.069556392147553e-26,0
2025-07-13T17:56:37,214,0,1.0319434329657948e-33,5.806948733783166e-31,0
2025-07-13T18:01:37,227,0,8.878963332345563e-33,4.07180712835324e-34,0
2025-07-13T18:06:37,231,0,7.046359733344701e-28,4.525315832331293e-38,0
2025-07-13T18:11:36,229,0,3.471061999466216e-24,1.228035416341896e-40,0
2025-07-13T18:16:37,217,0,3.324827929063198e-18,3.819314766465437e-40,0
2025-07-13T18:21:37,206,0,3.581804815327176e-16,1.0054564607319307e-35,0
2025-07-13T18:26:37,195,0,1.849039999921631e-15,1.2637572171191859e-29,0
2025-07-13T18:31:37,194,0,3.994693813759568e-20,9.606357124901035e-27,0
2025-07-13T18:36:36,193,0,7.054540451605557e-22,5.441157678740146e-24,0
2025-07-13T18:41:36,191,0,1.8711668643481905e-20,5.361288195812817e-23,0
2025-07-13T18:46:37,193,0,9.171214522146581e-22,1.4361508318398458e-21,0
2025-07-13T18:51:37,194,0,9.084470685487927e-22,4.055959606429408e-20,0
2025-07-13T18:56:36,198,0,2.0660087428818197e-23,7.464721321866417e-20,0
2025-07-13T19:01:37,195,0,2.308870860228712e-20,7.761185758989552e-19,0
2025-07-13T19:06:37,194,0,8.857444806079247e-20,8.227867260514433e-20,0
2025-07-13T19:11:37,192,0,7.846044060960047e-20,2.440160003859486e-19,0
2025-07-13T19:16:36,192,0,7.628579342036591e-21,1.0784352156360725e-19,0
2025-07-13T19:21:37,197,0,1.7695124663541073e-24,9.21869664712871e-20,0
2025-07-13T19:26:36,201,0,2.3199907896858186e-25,3.97629274643563e-20,0
2025-07-13T19:31:37,199,0,5.993700361819142e-22,3.8339821493880283e-20,0
2025-07-13T19:36:37,187,0,2.0926394130341024e-14,1.0236730694806727e-18,0
2025-07-13T19:41:36,166,0,8.312745992082676e-06,1.2357001677229803e-15,0
2025-07-13T19:46:36,140,0,0.9713151544983425,2.01411949970026e-12,0
2025-07-13T19:51:35,113,0,0.9999953930676164,1.6442877619697407e-11,1
2025-07-13T19:56:36,87,0,0.9999999728336656,4.481455809177748e-10,1
2025-07-13T20:01:35,86,0,3.664975670424683e-05,0.002135543234931893,0
2025-07-13T20:06:35,85,0,1.3085988430041734e-09,0.0029860241276354394,0
2025-07-13T20:11:35,97,0,8.715932066321369e-16,2.5711632369052034e-08,0
2025-07-13T20:16:36,116,0,1.4757541685384664e-22,8.546321918781876e-13,0
2025-07-13T20:21:36,139,0,6.708347138008239e-27,4.8210350389554715e-19,0
2025-07-13T20:26:36,163,0,1.9493358210951485e-30,1.309795235597229e-24,0
2025-07-13T20:31:36,185,0,8.212869276677857e-32,1.5854503067018877e-31,0
2025-07-13T20:36:35,202,0,1.7138426338214072e-31,2.6363531887732105e-38,0
2025-07-13T20:41:35,215,0,1.8015551988066308e-31,1.5655144071857427e-45,0
2025-07-13T20:46:35,220,0,6.812028617894611e-30,1.8648746261210252e-52,0
2025-07-13T20:51:36,221,0,3.1751460258790002e-27,1.5575440682730562e-53,0
2025-07-13T20:56:35,220,0,3.590097292464481e-26,1.2864952177163575e-53,0
2025-07-13T21:01:36,213,0,1.5126115233305383e-21,3.6720779401065836e-49,0
2025-07-13T21:06:35,202,0,1.9254077499514516e-16,1.9558524893798315e-43,0
2025-07-13T21:11:35,192,0,1.7316880112456384e-14,1.452403028245394e-37,0
2025-07-13T21:16:35,202,0,2.561124795731794e-25,1.7434765230328821e-34,0
2025-07-13T21:21:36,209,0,1.0019913659983263e-28,5.6740498110685685e-30,0
2025-07-13T21:26:36,201,0,1.6022466188020799e-19,3.689535394930129e-26,0
2025-07-13T21:31:36,191,0,6.480514546565226e-14,2.455547483731346e-23,0
2025-07-13T21:36:36,185,0,9.418324122597338e-15,3.31184797950845e-20,0
2025-07-13T21:41:36,186,0,6.42232774297774e-20,3.532621173724344e-17,0
2025-07-13T21:46:35,184,0,3.02912432531335e-20,6.0453666085491464e-15,0
2025-07-13T21:51:36,187,0,4.734224867846326e-22,1.3436077321714308e-16,0
2025-07-13T21:56:36,193,0,6.7825114010149965e-25,1.9720142255663604e-18,0
2025-07-13T22:01:36,193,0,1.9854791000429727e-22,2.009624907195216e-19,0
2025-07-13T22:06:36,186,0,8.070788961011479e-17,1.695204311007452e-18,0
2025-07-13T22:11:36,174,0,1.5808351572120188e-11,1.0409932858222964e-16,0
2025-07-13T22:16:36,159,0,6.690509941331779e-08,5.754310391881634e-14,0
2025-07-13T22:21:36,146,0,1.4683345056229098e-07,4.427937597795951e-11,0
2025-07-13T22:26:36,130,0,3.5020404699594054e-05,6.40992823704816e-08,0
2025-07-13T22:31:36,113,0,0.04120367833948613,5.727698329834522e-06,0
2025-07-13T22:36:36,101,0,0.010347589460550592,4.6150657908254104e-05,0
2025-07-13T22:41:36,95,0,1.4978867993855485e-05,0.00015539723281032466,0
2025-07-13T22:46:36,90,0,3.044814212238286e-06,0.00026721810657558695,0
2025-07-13T22:51:36,85,0,3.488497483966101e-05,2.7159632841330932e-05,0
2025-07-13T22:56:36,79,0,0.0025624682784552767,1.950288942640237e-06,0
2025-07-13T23:01:36,75,0,0.0031855927113363554,2.5363060001957804e-07,0
2025-07-13T23:06:36,78,0,2.493362003206273e-07,3.018164809159715e-08,0
2025-07-13T23:11:36,93,0,2.402252020943949e-16,2.8002186023097963e-10,0
2025-07-13T23:16:36,108,0,1.1183806494489085e-20,3.154902598429043e-12,0
2025-07-13T23:21:36,121,0,3.0268885754921183e-21,6.701629760557036e-16,0
2025-07-13T23:26:36,131,0,1.1360898036597508e-20,2.7816466758438643e-19,0
2025-07-13T23:31:36,137,0,4.3182490358514867e-19,2.6747998338519534e-21,0
2025-07-13T23:36:36,161,0,1.1008369934375178e-30,1.9567127419248026e-27,0
2025-07-13T23:41:36,176,0,1.0184248640233392e-32,3.298282813301589e-31,0
2025-07-13T23:46:36,176,0,5.453984638141351e-24,1.4407873812287566e-35,0
2025-07-13T23:51:36,173,0,2.075964789570922e-19,1.904619026412331e-38,0
2025-07-13T23:56:36,174,0,1.0011147631304704e-20,1.790898474223692e-38,0
2025-07-14T00:01:36,177,0,8.760903019716317e-23,4.186123667055721e-34,0
2025-07-14T00:06:36,180,0,2.727158719338436e-23,1.944257760741992e-31,0
2025-07-14T00:11:36,177,0,2.1467180692716642e-19,3.1945450934716754e-29,0
2025-07-14T00:16:36,171,0,1.4537427508792937e-15,7.033382305313772e-27,0
2025-07-14T00:21:36,162,0,1.250948411387385e-12,9.779848775993834e-23,0
2025-07-14T00:26:36,150,0,3.4429474878597344e-09,1.878186633896437e-16,0
2025-07-14T00:31:36,133,0,0.00013714073542342645,1.2285423198608104e-10,0
2025-07-14T00:36:36,118,0,0.0039061815068716517,4.3536030331494436e-07,0
2025-07-14T00:41:36,114,0,1.3311248854745391e-08,1.7864273301315603e-05,0
2025-07-14T00:46:36,113,0,4.222778152201472e-12,0.00020438374851246014,0
2025-07-14T00:51:36,113,0,1.217672390418236e-12,2.9070557927192688e-05,0
2025-07-14T00:56:36,108,0,5.2233687510872925e-09,3.381958967793799e-06,0
2025-07-14T01:01:36,102,0,3.956475441220867e-06,3.101647591050416e-07,0
2025-07-14T01:06:36,96,0,3.093055679387341e-05,1.0755074435170896e-06,0
2025-07-14T01:11:36,98,0,1.6456840380368023e-09,4.797796357279492e-07,0
2025-07-14T01:16:36,100,0,1.0423855995585773e-11,1.0600847662153037e-06,0
2025-07-14T01:21:36,99,0,3.3149456574793084e-10,2.0866020551660314e-07,0
2025-07-14T01:26:36,101,0,2.2791562758324757e-11,1.2202422042530685e-08,0
2025-07-14T01:31:36,104,0,8.544779680494841e-13,1.0284634184036187e-08,0
2025-07-14T01:36:36,110,0,2.356021309415887e-15,6.104781621104369e-09,0
2025-07-14T01:41:36,123,0,5.356881389325821e-21,9.337862375025436e-11,0
2025-07-14T01:46:36,128,0,3.4641437977248474e-19,4.633241590737751e-12,0
2025-07-14T01:51:36,126,0,6.273220628750598e-14,1.191556145759429e-13,0
2025-07-14T01:56:36,123,0,6.54818030299414e-12,2.492607915604401e-14,0
2025-07-14T02:01:36,121,0,3.4923498321559828e-12,4.4879752277534944e-13,0
2025-07-14T02:06:37,124,0,9.159717174760759e-16,3.694055288354736e-12,0
2025-07-14T02:11:36,125,0,2.88102219292729e-16,1.1410737014841824e-11,0
2025-07-14T02:16:37,126,0,1.0283047718244707e-15,2.8179525938665208e-12,0
2025-07-14T02:21:37,122,0,1.5676536186767432e-12,2.0146822742697752e-11,0
2025-07-14T02:26:36,117,0,4.1596225621605026e-10,3.1182003441419655e-10,0
2025-07-14T02:31:36,114,0,2.1306984550467951e-10,5.8142586138893234e-08,0
2025-07-14T02:36:36,110,0,6.238174932896685e-10,4.121130876943076e-06,0
2025-07-14T02:41:36,105,0,7.54370151469949e-09,7.075654821642593e-05,0
2025-07-14T02:46:36,101,0,1.1900833391093399e-08,0.0002825684603579892,0
2025-07-14T02:51:36,97,0,2.5226519051412604e-08,0.0014466936925012425,0
2025-07-14T02:56:36,94,0,2.422198392060436e-08,0.00776769464808356,0
2025-07-14T03:01:36,92,0,1.1106005645104416e-08,0.0187390521627887,0
2025-07-14T03:06:36,90,0,1.7868191862147363e-08,0.034269099249793745,0
2025-07-14T03:11:36,88,0,3.565092292353728e-08,0.031047812670116796,0
2025-07-14T03:16:36,85,0,2.671644987022781e-07,0.037347456326266654,0
2025-07-14T03:21:36,83,0,2.623850205443125e-07,0.03928824035029277,0
2025-07-14T03:26:36,85,0,9.502630784119886e-10,0.014244359877928643,0
2025-07-14T03:31:36,88,0,1.652710337799149e-11,0.003835898915695101,0
2025-07-14T03:36:36,90,0,1.8150413686806123e-11,0.0006279524792339537,0
2025-07-14T03:41:37,89,0,1.2707657119763937e-09,0.00020579187221101019,0
2025-07-14T03:46:36,90,0,4.518216703423968e-10,2.9838656041564424e-05,0
2025-07-14T03:51:36,95,0,3.024525017520323e-13,4.872388459277516e-06,0
2025-07-14T03:56:36,102,0,4.110920950828766e-16,2.2752169848648375e-07,0
2025-07-14T04:01:36,106,0,1.250051860963246e-15,1.0485697575092439e-08,0
2025-07-14T04:06:36,107,0,1.3278767982335455e-13,2.8892453269087575e-10,0
2025-07-14T04:11:36,105,0,2.5347188074706856e-11,1.4322925191984758e-10,0
2025-07-14T04:16:36,108,0,1.3260964972142484e-13,6.306203272851134e-11,0
2025-07-14T04:21:36,109,0,5.165031397649606e-14,8.567729447103577e-10,0
2025-07-14T04:26:37,108,0,1.5989709719433687e-12,1.9931239974120776e-09,0
2025-07-14T04:31:37,102,0,5.197087950976588e-09,2.7244878029505454e-08,0
2025-07-14T04:36:37,103,0,2.188071569022233e-11,1.0204746242254288e-08,0
2025-07-14T04:41:36,107,0,7.284867144689646e-15,8.440574776872024e-08,0
2025-07-14T04:46:36,112,0,2.4919877743995976e-16,5.4872915228775844e-08,0
2025-07-14T04:51:37,118,0,1.920114370175929e-17,2.6877147924436297e-09,0
2025-07-14T04:56:36,122,0,1.0417703519211163e-16,5.500095585595805e-11,0
2025-07-14T05:01:36,126,0,9.682880224425385e-17,1.207479489550947e-12,0
2025-07-14T05:06:36,131,0,8.763171447423805e-18,1.7389802400586998e-13,0
2025-07-14T05:11:37,132,0,2.9183733304989015e-16,1.4827020594374817e-13,0
2025-07-14T05:16:37,133,0,9.712232337214454e-16,3.7630488052617635e-14,0
2025-07-14T05:21:36,136,0,1.840181033813285e-17,2.5318745532796464e-15,0
2025-07-14T05:26:37,138,0,9.838773939795625e-18,2.1257840676694545e-15,0
2025-07-14T05:31:37,137,0,6.100650835503511e-16,1.0476643902242118e-14,0
2025-07-14T05:36:37,138,0,3.31752276884613e-16,1.019617158061567e-14,0
2025-07-14T05:41:36,139,0,1.3716818438715467e-16,4.272220497122475e-14,0
2025-07-14T05:46:36,142,0,6.939744793431858e-18,3.361730708159391e-14,0
2025-07-14T05:51:37,145,0,1.3518277727000123e-18,3.650010809340538e-14,0
2025-07-14T05:56:36,145,0,6.800333246443003e-17,5.867324412122111e-14,0
2025-07-14T06:01:37,144,0,1.2064509382119743e-15,7.082423462700326e-14,0
2025-07-14T06:06:37,144,0,5.840017325058981e-16,1.244935188142332e-13,0
2025-07-14T06:11:36,144,0,2.9101849425840154e-16,6.342776276018335e-13,0
2025-07-14T06:16:36,143,0,9.14305161098999e-16,2.860954058926612e-12,0
2025-07-14T06:21:37,143,0,4.474102861047718e-16,2.4323555203151764e-12,0
2025-07-14T06:26:36,141,0,4.78288558842225e-15,8.546727932818482e-12,0
2025-07-14T06:31:36,139,0,2.1683258139865012e-14,1.9503064136984688e-11,0
2025-07-14T06:36:36,137,0,3.77942447403067e-14,1.1469027401432347e-10,0
2025-07-14T06:41:36,137,0,4.720014768959235e-15,2.2026271365148634e-10,0
2025-07-14T06:46:36,135,0,2.520271702571991e-14,1.024631750498834e-09,0
2025-07-14T06:51:36,134,0,3.258009393531394e-14,7.120130692583002e-10,0
2025-07-14T06:56:36,132,0,1.143540628653458e-13,1.9308536586663714e-09,0
2025-07-14T07:01:37,127,0,2.206964148738361e-11,1.110887401421898e-08,0
2025-07-14T07:06:37,125,0,4.65509276141102e-12,2.0856372086863174e-08,0
2025-07-14T07:11:37,126,0,2.885388047093383e-14,3.693790261201139e-08,0
2025-07-14T07:16:37,124,0,2.9786299099163707e-13,1.204361148628494e-07,0
2025-07-14T07:21:37,122,0,2.4795062964405833e-12,7.732510065814742e-08,0
2025-07-14T07:26:37,126,0,1.5263882661572925e-15,6.166212671196548e-09,0
2025-07-14T07:31:36,124,0,1.3074461194906236e-13,3.5830884432540995e-08,0
2025-07-14T07:36:36,123,0,9.667457053729982e-13,1.0423564240675796e-08,0
2025-07-14T07:41:37,124,0,5.1858629233920836e-14,7.626333402587013e-09,0
2025-07-14T07:46:37,128,0,2.607820376902854e-16,1.1645876037733058e-09,0
2025-07-14T07:51:37,133,0,2.8219259530761517e-18,1.5019089628838078e-10,0
2025-07-14T07:56:37,136,0,1.0154669381571584e-17,9.113197365009067e-12,0
2025-07-14T08:01:37,139,0,1.9065401273924537e-17,5.896231808569833e-13,0
2025-07-14T08:06:37,141,0,3.221919387996177e-17,9.561064607787976e-14,0
2025-07-14T08:11:36,142,0,8.192373004929391e-17,3.635250974348148e-14,0
2025-07-14T08:16:37,142,0,3.5540950454959324e-16,1.0226362674634677e-13,0
2025-07-14T08:21:37,141,0,1.518604827774259e-15,1.2917823061953234e-13,0
2025-07-14T08:26:37,137,0,1.331671261123446e-13,1.0499432741924493e-12,0
2025-07-14T08:31:37,139,0,3.3297597310843626e-16,6.099105883460824e-13,0
2025-07-14T08:36:36,139,0,1.6779239633602316e-16,8.0907490916667e-12,0
2025-07-14T08:41:36,132,0,9.856776685265374e-12,2.401836522053823e-10,0
2025-07-14T08:46:37,128,0,3.555666093848234e-11,7.498487051749783e-10,0
2025-07-14T08:51:36,126,0,1.8519281596950204e-12,8.724710816254745e-09,0
2025-07-14T08:56:37,126,0,5.4346894012775805e-14,5.303257033568707e-08,0
2025-07-14T09:01:36,126,0,1.9632941742110103e-14,1.2387974265470955e-07,0
2025-07-14T09:06:37,127,0,1.0645835368476974e-14,2.0969288064785153e-08,0
2025-07-14T09:11:37,119,0,1.7360768918440677e-09,2.7435997318137663e-07,0
2025-07-14T09:16:36,115,0,4.4924226707418075e-09,1.2792725726056847e-07,0
2025-07-14T09:21:37,118,0,8.999908067732677e-14,3.632008141852524e-07,0
2025-07-14T09:26:37,118,0,7.345780824649084e-14,2.066590811535066e-06,0
2025-07-14T09:31:37,113,0,2.2103720323235642e-10,3.138297234035897e-06,0
2025-07-14T09:36:36,117,0,6.989764805237993e-14,3.6951588233607816e-08,0
2025-07-14T09:41:37,120,0,1.3736726485970058e-15,3.6414177013120485e-08,0
2025-07-14T09:46:37,126,0,1.4534205259174944e-17,1.757516718787576e-09,0
2025-07-14T09:51:37,130,0,1.3313711684457252e-17,2.5810507800718005e-10,0
2025-07-14T09:56:37,136,0,1.9754401097172634e-18,1.7668759841380148e-12,0
2025-07-14T10:01:37,141,0,2.939225152269671e-19,3.886657112078505e-14,0
2025-07-14T10:06:36,141,0,9.422388703602649e-17,5.8634590336768264e-15,0
2025-07-14T10:11:37,141,0,9.207058569803273e-16,5.107172193670913e-15,0
2025-07-14T10:16:37,144,0,9.79820923678153e-18,2.0995743123639853e-15,0
2025-07-14T10:21:37,148,0,9.425866576194114e-20,3.464659760048211e-16,0
2025-07-14T10:26:37,147,0,2.043992408251937e-17,1.671149282458246e-15,0
2025-07-14T10:31:36,145,0,1.840096747175315e-15,1.670266161703273e-15,0
2025-07-14T10:36:37,145,0,4.656418024233597e-16,6.548060706063697e-15,0
2025-07-14T10:41:37,146,0,3.839073899248095e-17,3.314786698815834e-14,0
2025-07-14T10:46:37,147,0,1.735154382141038e-17,1.6644468768240524e-13,0
2025-07-14T10:51:36,145,0,1.2343798929811517e-15,9.153012757168634e-13,0
2025-07-14T10:56:37,142,0,4.2017100193275124e-14,1.8937757433780355e-12,0
2025-07-14T11:01:37,141,0,8.01103765743967e-15,5.582252590608951e-12,0
2025-07-14T11:06:37,140,0,3.469908139094831e-15,4.816021051124172e-11,0
2025-07-14T11:11:37,140,0,1.1674511570425875e-15,1.3968641455936403e-10,0
2025-07-14T11:16:37,138,0,1.2439208013808779e-14,2.8655114545972133e-10,0
2025-07-14T11:21:37,133,0,4.077034138391201e-12,7.797863807263009e-10,0
2025-07-14T11:26:37,131,0,9.98147253206633e-13,1.4343658255002788e-09,0
2025-07-14T11:31:36,128,0,1.4004725417178733e-12,1.8356895304798202e-08,0
2025-07-14T11:36:37,126,0,1.1671734755097163e-12,5.620985567378043e-08,0
2025-07-14T11:41:37,123,0,4.597595682138046e-12,2.061719078381869e-07,0
2025-07-14T11:46:37,119,0,8.511530497308238e-11,3.4703401339429426e-07,0
2025-07-14T11:51:37,122,0,2.6264497961026568e-14,8.507175158429194e-08,0
2025-07-14T11:56:37,125,0,4.609006186314366e-16,6.723307842101611e-08,0
2025-07-14T12:01:37,115,0,1.7429457630060154e-08,1.7345413648234992e-06,0
2025-07-14T12:06:37,107,0,1.0738364471703785e-05,1.963300722644409e-06,0
2025-07-14T12:11:37,109,0,2.5006484093933615e-11,2.0633571716822746e-06,0
2025-07-14T12:16:37,115,0,2.180376368812243e-16,4.2047272088509346e-06,0
2025-07-14T12:21:37,126,0,4.7538861365672774e-21,4.4596484581788094e-08,0
2025-07-14T12:26:37,138,0,2.298952542001529e-23,1.1489948180185318e-11,0
2025-07-14T12:31:37,140,0,2.1158387569926717e-18,6.377612970925124e-14,0
2025-07-14T12:36:37,140,0,2.701700080284851e-15,8.483373231360489e-16,0
2025-07-14T12:41:37,143,0,8.431677810968286e-17,4.907266038167138e-16,0
2025-07-14T12:46:37,145,0,1.4401823759465556e-17,3.1892058599312113e-15,0
2025-07-14T12:51:37,149,0,1.3213649990442748e-19,1.8687306068427285e-16,0
2025-07-14T12:56:37,152,0,3.072849448872166e-20,4.7924507817859256e-18,0
2025-07-14T13:01:37,156,0,8.962229723446637e-21,2.7476395337658266e-19,0
2025-07-14T13:06:37,158,0,4.897077051015417e-20,3.6333995203693624e-19,0
2025-07-14T13:11:37,160,0,2.034028939915798e-19,5.676700655191411e-19,0
2025-07-14T13:16:37,160,0,3.3896049381067344e-18,5.681940096929301e-18,0
2025-07-14T13:21:37,161,0,2.0224931228996497e-18,5.183697712885953e-18,0
2025-07-14T13:26:37,163,0,1.4732334147355951e-19,1.0630594371072462e-17,0
2025-07-14T13:31:37,164,0,2.0109891137492338e-19,3.6377703610253524e-17,0
2025-07-14T13:36:37,164,0,9.136853360934143e-19,9.307356557905507e-17,0
2025-07-14T13:41:37,159,0,1.7190777844341228e-15,1.7690025250098222e-15,0
2025-07-14T13:46:37,159,0,7.252290301590824e-17,2.0446069990367082e-15,0
2025-07-14T13:51:37,169,0,5.964543532291026e-24,4.3268109270430656e-16,0
2025-07-14T13:56:38,184,0,4.870671809708371e-30,3.3546585255270218e-18,0
2025-07-14T14:01:37,195,0,5.515399565893353e-30,5.082807821702047e-21,0
2025-07-14T14:06:37,199,0,1.4695773693356484e-25,4.4762094890909356e-24,0
2025-07-14T14:11:37,200,0,1.9296966053597364e-22,7.380646775770055e-26,0
2025-07-14T14:16:38,202,0,8.221700835295254e-23,4.9794961846696256e-26,0
2025-07-14T14:21:37,206,0,4.8976238087486075e-25,9.596694066800826e-26,0
2025-07-14T14:26:37,205,0,2.2852985377489505e-23,6.94101170950899e-25,0
2025-07-14T14:31:37,205,0,4.9546081797578366e-23,1.182570915390151e-25,0
2025-07-14T14:36:37,205,0,2.6166375916558547e-23,1.994473984757324e-25,0
2025-07-14T14:41:37,201,0,8.573008172450135e-21,9.449304663458357e-24,0
2025-07-14T14:46:37,197,0,1.9907208051236597e-19,6.536999645830375e-22,0
2025-07-14T14:51:38,192,0,2.687547711917625e-18,5.299011421991326e-20,0
2025-07-14T14:56:37,187,0,1.2351118520340047e-17,2.0801116446469523e-18,0
2025-07-14T15:01:37,181,0,1.115152873645065e-16,1.5573714854363117e-16,0
2025-07-14T15:06:38,177,0,5.669806319677168e-17,2.24615689820078e-15,0
2025-07-14T15:11:38,166,0,9.27736007963592e-13,4.620375424134229e-13,0
2025-07-14T15:16:37,157,0,3.504246943478236e-11,2.016518522391571e-12,0
2025-07-14T15:21:37,139,0,2.631093482593903e-05,1.5528727104003888e-09,0
2025-07-14T15:26:38,124,0,0.003857719437374507,1.9353026667533424e-08,0
2025-07-14T15:31:37,116,0,1.8898241164867482e-06,5.033077930150952e-07,0
2025-07-14T15:36:37,113,0,9.299332225886813e-10,7.217247226515853e-07,0
2025-07-14T15:41:37,115,0,3.61175776707258e-13,1.1009780798795194e-07,0
2025-07-14T15:46:37,113,0,2.7061722780724024e-11,9.37651884672103e-09,0
2025-07-14T15:51:37,113,0,9.388631740928292e-11,1.423111615655726e-10,0
2025-07-14T15:56:37,111,0,9.504414859429735e-10,2.210971651441289e-10,0
2025-07-14T16:01:38,111,0,2.26151239929927e-10,1.4258784339268114e-10,0
2025-07-14T16:06:37,106,0,3.576696263278362e-08,6.559652129098784e-09,0
2025-07-14T16:11:37,105,0,2.902749367374143e-09,3.3568568323740738e-09,0
2025-07-14T16:16:37,98,0,6.537292429740694e-07,3.3911158970376565e-07,0
2025-07-14T16:21:37,93,0,2.8657866900713646e-06,2.385706983755354e-06,0
2025-07-14T16:26:38,90,0,1.1938706337598233e-07,0.0002540016803789284,0
2025-07-14T16:31:37,89,0,7.631405417802074e-09,0.0038944478204448905,0
2025-07-14T16:36:37,88,0,2.652842885428748e-09,0.03717902003089072,0
2025-07-14T16:41:37,92,0,6.569453825979649e-12,0.0037669659304018638,0
2025-07-14T16:46:38,99,0,4.5621709931965854e-15,0.0001226791506129756,0
2025-07-14T16:51:37,109,0,4.471552543041404e-18,4.0995826538723933e-07,0
2025-07-14T16:56:37,118,0,3.285078531130092e-19,4.963648763246211e-10,0
2025-07-14T17:01:38,120,0,1.3764796868353927e-15,1.159093919978251e-11,0
2025-07-14T17:06:37,124,0,7.950845725743761e-16,2.8137308888502708e-14,0
2025-07-14T17:11:37,129,0,7.954272273833726e-18,1.1262839722496216e-15,0
2025-07-14T17:16:37,131,0,2.4960370474318052e-17,3.0668211476813943e-16,0
2025-07-14T17:21:37,130,0,1.8252937341832334e-15,3.1489437812945033e-16,0
2025-07-14T17:26:37,133,0,3.1088834306855247e-17,1.8430713723705728e-17,0
2025-07-14T17:31:37,133,0,1.4216343902153014e-16,2.134513421379372e-16,0
2025-07-14T17:36:38,129,0,2.4172104193268435e-13,1.0959889101712395e-14,0
2025-07-14T17:41:38,128,0,1.4985128609730575e-13,2.1660879787418562e-13,0
2025-07-14T17:46:37,124,0,4.974830698683273e-12,4.169811581902815e-11,0
2025-07-14T17:51:37,125,0,4.352486936036211e-14,1.0613361694052138e-10,0
2025-07-14T17:56:38,127,0,7.357853307597565e-16,8.683378091960857e-10,0
2025-07-14T18:01:39,126,0,3.4091336503683235e-14,2.841797498713045e-09,0
2025-07-14T18:06:39,128,0,3.912499311269627e-15,9.709816528018731e-10,0
2025-07-14T18:11:38,134,0,3.070281185378981e-18,5.864957939679307e-11,0
2025-07-14T18:16:38,135,0,1.1239870768598673e-16,8.401014852094014e-11,0
2025-07-14T18:21:39,138,0,6.790041502956508e-17,4.639853781806016e-12,0
2025-07-14T18:26:38,144,0,1.8121275867977249e-19,1.2264629446924517e-13,0
2025-07-14T18:31:38,149,0,3.326174748735889e-20,9.57070718197087e-15,0
2025-07-14T18:36:38,154,0,8.258337980748521e-21,2.392536472263212e-16,0
2025-07-14T18:41:39,158,0,1.2016721023523552e-20,1.2814188281308052e-17,0
2025-07-14T18:46:38,162,0,8.158991502518553e-21,9.91444323087817e-19,0
2025-07-14T18:51:39,155,0,6.71722979313579e-15,2.1040844240117867e-17,0
2025-07-14T18:56:37,154,0,1.7307493395099942e-15,1.165600805879176e-17,0
2025-07-14T19:01:38,157,0,3.219397422701593e-19,2.1645721827305887e-16,0
2025-07-14T19:06:38,160,0,1.4517717632501676e-20,3.218430698744639e-16,0
2025-07-14T19:11:37,163,0,6.287930467496722e-21,1.7697249301048105e-16,0
2025-07-14T19:16:37,166,0,1.081387553228306e-20,1.985650340434912e-17,0
2025-07-14T19:21:38,170,0,2.2724147305808422e-21,4.0234646535989295e-18,0
2025-07-14T19:26:38,174,0,5.849632012209294e-22,1.9414857231679063e-18,0
2025-07-14T19:31:37,179,0,6.316071157309856e-23,3.0537391105744466e-19,0
2025-07-14T19:36:38,183,0,5.0398610618443475e-23,8.605781685768369e-20,0
2025-07-14T19:41:38,186,0,7.542777946031497e-23,4.459583528548118e-21,0
2025-07-14T19:46:38,189,0,4.461927929166322e-23,7.466983795432435e-22,0
2025-07-14T19:51:38,189,0,1.1855786163186111e-21,1.2329396361002093e-21,0
2025-07-14T19:56:38,185,0,9.476000871980277e-19,9.790489165467996e-21,0
2025-07-14T20:01:37,176,0,1.167500331479952e-14,9.374615308833434e-19,0
2025-07-14T20:06:37,173,0,2.1705161410811855e-16,1.1349397400813831e-17,0
2025-07-14T20:11:38,167,0,7.920549524630374e-16,7.444542021879419e-15,0
2025-07-14T20:16:37,166,0,1.5528989800067582e-17,2.951787294160118e-14,0
2025-07-14T20:21:38,165,0,2.4334381855103212e-18,2.9406632456225604e-13,0
2025-07-14T20:26:38,160,0,2.0620098128365468e-15,7.583063222501817e-13,0
2025-07-14T20:31:38,148,0,9.411986268667485e-10,3.4227945939092066e-11,0
2025-07-14T20:36:38,139,0,1.4200122603273375e-08,2.5669119788004904e-10,0
2025-07-14T20:41:38,133,0,3.3002317688925053e-10,1.4594916360690494e-08,0
2025-07-14T20:46:38,134,0,1.6854656756827643e-14,2.395495143969099e-08,0
2025-07-14T20:51:38,141,0,1.3060942751924222e-19,1.559760702050531e-09,0
2025-07-14T20:56:37,150,0,3.066980570326344e-22,6.136023615374474e-12,0
2025-07-14T21:01:38,157,0,5.746844921511424e-22,1.4757408352127586e-14,0
2025-07-14T21:06:37,166,0,4.908974130777785e-23,2.1230125704406428e-17,0
2025-07-14T21:11:38,179,0,1.0803077651377935e-26,4.339514398292641e-20,0
2025-07-14T21:16:38,186,0,1.3834525629934728e-25,1.0195687458303888e-21,0
2025-07-14T21:21:38,193,0,1.6890707167800355e-25,5.697629948835586e-25,0
2025-07-14T21:26:37,193,0,1.6345848899166422e-22,4.175198544526287e-26,0
2025-07-14T21:31:38,190,0,1.0395634321789057e-19,1.185650721562697e-26,0
2025-07-14T21:36:38,205,0,5.5074211703499175e-30,3.7296270095187084e-29,0
2025-07-14T21:41:38,217,0,1.313794697253346e-33,9.200686486252045e-30,0
2025-07-14T21:46:38,223,0,2.8806088669261654e-30,5.677459823556052e-32,0
2025-07-14T21:51:38,223,0,1.567843043819422e-25,2.0922407495790174e-33,0
2025-07-14T21:56:38,214,0,1.9387390100434117e-18,4.266319962013864e-32,0
2025-07-14T22:01:37,195,0,3.178509273749871e-10,2.4281033501224572e-26,0
2025-07-14T22:06:38,182,0,1.8073503870882772e-10,1.7252325670423576e-21,0
2025-07-14T22:11:38,174,0,5.137894129451063e-14,1.8305750823385695e-16,0
2025-07-14T22:16:38,170,0,6.088072308427446e-17,7.475509041498879e-14,0
2025-07-14T22:21:38,167,0,8.702497934648696e-18,5.093159583122475e-13,0
2025-07-14T22:26:38,163,0,4.444719237610899e-16,5.866500855800918e-13,0
2025-07-14T22:31:38,159,0,9.687239916426115e-15,4.703336098264895e-13,0
2025-07-14T22:36:38,153,0,9.241983301201316e-13,1.2550760862277212e-12,0
2025-07-14T22:41:37,144,0,8.201852345429115e-10,7.837715247845794e-12,0
2025-07-14T22:46:38,134,0,1.105466724159599e-07,4.42222314789616e-11,0
2025-07-14T22:51:38,130,0,4.1805501959495374e-10,2.5209749439390124e-11,0
2025-07-14T22:56:38,127,0,1.146080334601528e-11,8.14619981169553e-11,0
2025-07-14T23:01:38,125,0,4.473596977295152e-12,8.76907800174541e-11,0
2025-07-14T23:06:38,120,0,4.5489596788028944e-10,6.107994168273693e-10,0
2025-07-14T23:11:38,114,0,4.774643177702357e-08,5.63972000693445e-09,0
2025-07-14T23:16:38,110,0,1.8067334476203564e-08,1.5272366998715952e-07,0
2025-07-14T23:21:38,110,0,6.159944245592239e-11,7.566660442838425e-07,0
2025-07-14T23:26:38,109,0,2.678533459457151e-11,3.2866025246822646e-06,0
2025-07-14T23:31:37,108,0,6.295100515060402e-11,1.171851710220489e-06,0
2025-07-14T23:36:38,105,0,1.3745394135152456e-09,1.0043706063664664e-06,0
2025-07-14T23:41:38,102,0,8.558610404575696e-09,2.1042275847000933e-06,0
2025-07-14T23:46:38,95,0,3.1186297589339816e-06,0.00011695058227511533,0
2025-07-14T23:51:38,89,0,2.6319885932987507e-05,0.0022025284848791087,0
2025-07-14T23:56:38,83,0,4.0929072059321096e-05,0.10222962309916042,0
2025-07-15T00:01:38,72,0,0.010908089636204984,0.926864898685227,0
2025-07-15T00:06:38,64,2,0.0025286550727918323,0.992635673492368,0
2025-07-15T00:11:38,63,0,1.06978284142233e-07,0.9986970551525135,2
2025-07-15T00:16:38,73,0,3.511713242539312e-14,0.9667737422135357,0
2025-07-15T00:21:38,86,0,8.090160394775517e-18,0.13300343825464087,0
2025-07-15T00:26:38,99,0,2.8994808126460145e-19,6.326111454391516e-06,0
2025-07-15T00:31:38,123,0,7.618749557865412e-27,2.402564930220933e-13,0
2025-07-15T00:36:38,153,0,1.7426256025313983e-35,1.5784994122367495e-22,0
2025-07-15T00:41:38,172,0,8.81086073279553e-34,1.0088568000895034e-30,0
2025-07-15T00:46:38,182,0,1.6806809510636254e-28,7.687017366111534e-39,0
2025-07-15T00:51:38,184,0,4.614917263644283e-24,1.3549061289126689e-45,0
2025-07-15T00:56:38,183,0,1.4402461687022303e-22,2.4734841809097308e-49,0
2025-07-15T01:01:38,175,0,8.27941612270683e-19,1.3423062116124737e-46,0
2025-07-15T01:06:38,156,0,4.189233929018737e-09,1.9927195908083187e-37,0
2025-07-15T01:11:38,151,0,1.4177937070881556e-12,2.811548154540857e-32,0
2025-07-15T01:16:38,157,0,2.3966056341292937e-21,2.259974477832838e-28,0
2025-07-15T01:21:38,153,0,1.742419133739257e-17,1.2208712442776333e-22,0
2025-07-15T01:26:38,148,0,2.8258181711236604e-13,1.9608112499140446e-19,0
2025-07-15T01:31:38,141,0,1.7695939405799886e-10,3.091719490350192e-16,0
2025-07-15T01:36:38,132,0,4.079051094696484e-08,1.8446666444749127e-12,0
2025-07-15T01:41:38,118,0,0.00022527914333621008,7.983853756698659e-08,0
2025-07-15T01:46:38,113,0,2.813621528086868e-07,2.600350287590939e-06,0
2025-07-15T01:51:38,111,0,1.5154713394545948e-10,4.209089383684917e-05,0
2025-07-15T01:56:38,106,0,3.815068043010418e-09,1.728937086727984e-05,0
2025-07-15T02:01:38,97,0,3.1003115535409034e-05,2.3072387504535064e-05,0
2025-07-15T02:06:38,89,0,0.0022840821888211534,5.793287868271689e-05,0
2025-07-15T02:11:38,85,0,4.1616625247265884e-05,0.0006277360905941192,0
2025-07-15T02:16:38,81,0,1.0658059791994915e-05,0.024289402685546663,0
2025-07-15T02:21:38,78,0,7.285727585719232e-06,0.07899868695073,0
2025-07-15T02:26:38,76,0,4.154351711303943e-06,0.03860215120925926,0
2025-07-15T02:31:38,75,0,1.322663737847744e-06,0.008000084375745908,0
2025-07-15T02:36:38,76,0,6.461379781388886e-08,0.007334083122410991,0
2025-07-15T02:41:38,76,0,8.315937958076428e-08,0.01851255841229282,0
2025-07-15T02:46:38,76,0,1.2425918777882614e-07,0.01934222567479073,0
2025-07-15T02:51:39,77,0,1.8880974580947268e-08,0.009883526137612463,0
2025-07-15T02:56:38,79,0,1.1829501972140985e-09,0.0028287880921233446,0
2025-07-15T03:01:38,82,0,6.31325269680455e-11,0.0005622881827659042,0
2025-07-15T03:06:38,86,0,2.8216460835740727e-12,3.275402660041564e-05,0
2025-07-15T03:11:38,86,0,1.21487856638502e-10,1.545999785780859e-05,0
2025-07-15T03:16:39,86,0,6.905760429667755e-10,4.0368282784005055e-06,0
2025-07-15T03:21:39,87,0,1.1717788605376096e-10,2.913813055798491e-06,0
2025-07-15T03:26:38,86,0,7.444224700000267e-10,1.4555162647732776e-05,0
2025-07-15T03:31:39,89,0,6.208215608917673e-12,3.4262602261363296e-06,0
2025-07-15T03:36:39,93,0,8.706307102128958e-14,6.768583392668211e-07,0
2025-07-15T03:41:39,96,0,9.147266675220085e-14,9.210389350155383e-08,0
2025-07-15T03:46:39,100,0,2.1554057777828176e-14,7.373592610701489e-09,0
2025-07-15T03:51:39,103,0,3.2749646764145685e-14,1.57410873846307e-09,0
2025-07-15T03:56:39,105,0,1.3158222885277914e-13,1.0143277287691436e-09,0
2025-07-15T04:01:39,107,0,9.265463021577372e-14,3.044466639316874e-10,0
2025-07-15T04:06:39,109,0,4.2469158493272157e-14,1.1150453977466127e-10,0
2025-07-15T04:11:40,113,0,1.1877342405352257e-15,2.2598653181746392e-11,0
2025-07-15T04:16:40,117,0,1.0568433526362034e-16,2.5288776524976305e-12,0
2025-07-15T04:21:40,120,0,2.0221937621182897e-16,6.895217493395807e-13,0
2025-07-15T04:26:40,118,0,2.439816284176427e-13,3.118021526322807e-12,0
2025-07-15T04:31:39,121,0,5.641936527585738e-15,5.658864251549778e-13,0
2025-07-15T04:36:40,122,0,3.175827476535778e-15,6.186156458357055e-12,0
2025-07-15T04:41:40,119,0,1.6144572817201357e-12,5.784945263464793e-11,0
2025-07-15T04:46:40,116,0,2.1370154452238176e-11,4.709729808563694e-10,0
2025-07-15T04:51:40,114,0,1.4247461601326282e-11,3.454980964231134e-09,0
2025-07-15T04:56:39,111,0,4.187863043147594e-11,1.0918155928479255e-07,0
2025-07-15T05:01:38,107,0,6.236512327819322e-10,2.9949267085838075e-06,0
2025-07-15T05:06:39,105,0,2.7294637430664486e-10,1.5155761333705699e-05,0
2025-07-15T05:11:39,108,0,2.3595597753886457e-13,1.0931371626899924e-05,0
2025-07-15T05:16:39,114,0,1.5360489263894244e-16,1.0380349028286456e-06,0
2025-07-15T05:21:38,115,0,1.4737481607402154e-14,4.928462049274572e-07,0
2025-07-15T05:26:38,114,0,4.401849404870176e-12,6.359425416689309e-08,0
2025-07-15T05:31:38,112,0,6.442234442722531e-11,4.2200335677266625e-08,0
2025-07-15T05:36:38,114,0,3.965635308313548e-13,1.9250364641553293e-08,0
2025-07-15T05:41:39,114,0,2.243166973397005e-13,1.1215528319406649e-07,0
2025-07-15T05:46:39,116,0,2.956345170441681e-14,1.5176773150870135e-08,0
2025-07-15T05:51:38,117,0,2.1696916502098782e-14,4.6655325678079596e-09,0
2025-07-15T05:56:39,118,0,3.118361540739424e-14,7.628986664757506e-10,0
2025-07-15T06:01:38,117,0,4.1370408644449106e-13,2.813423872561577e-09,0
2025-07-15T06:06:38,115,0,9.216221556740265e-12,1.4563307752885045e-08,0
2025-07-15T06:11:38,117,0,8.197711868930207e-14,1.064105417244392e-08,0
2025-07-15T06:16:39,118,0,2.1401112898146105e-14,1.710743012670595e-08,0
2025-07-15T06:21:39,122,0,3.6022087510407354e-16,1.198959354067235e-09,0
2025-07-15T06:26:38,121,0,4.062613025959218e-14,2.993551008366283e-09,0
2025-07-15T06:31:38,120,0,8.848687081037378e-13,7.576302640820306e-10,0
2025-07-15T06:36:39,120,0,2.547115237172019e-13,1.9811732573452256e-09,0
2025-07-15T06:41:38,115,0,1.4359733667234064e-10,4.2202864092559314e-08,0
2025-07-15T06:46:38,113,0,6.417970439184833e-11,1.4019638889884457e-07,0
2025-07-15T06:51:38,110,0,8.240118093548956e-11,1.688927271995692e-06,0
2025-07-15T06:56:39,107,0,2.604648109144494e-10,5.164349697811256e-06,0
2025-07-15T07:01:38,110,0,1.3966570096368302e-13,3.2348382561542318e-06,0
2025-07-15T07:06:38,112,0,2.234735685814133e-14,2.3887450663492197e-06,0
2025-07-15T07:11:38,114,0,3.986771926142449e-14,5.691495755412763e-07,0
2025-07-15T07:16:38,116,0,3.427948274333842e-14,7.15514586113777e-08,0
2025-07-15T07:21:38,118,0,2.9410490836083196e-14,8.849690516121873e-09,0
2025-07-15T07:26:38,118,0,2.2179869268607726e-13,1.0167825100837847e-08,0
2025-07-15T07:31:38,119,0,9.306438947363916e-14,1.9227204426136972e-09,0
2025-07-15T07:36:38,122,0,1.9482241871079554e-15,5.15865782960362e-10,0
2025-07-15T07:41:39,125,0,2.278159408015842e-16,9.914418539471499e-11,0
2025-07-15T07:46:38,126,0,1.2100399368701356e-15,2.315467188860941e-11,0
2025-07-15T07:51:39,126,0,1.4661013206137156e-14,1.7113770184509965e-11,0
2025-07-15T07:56:38,126,0,2.647579959702799e-14,2.108574349917915e-11,0
2025-07-15T08:01:39,126,0,2.2490258497726476e-14,5.3110564299390327e-11,0
2025-07-15T08:06:39,126,0,1.8939345725890245e-14,1.3555487437161448e-10,0
2025-07-15T08:11:40,124,0,3.0865373459928735e-13,6.398626304983091e-10,0
2025-07-15T08:16:39,120,0,2.110158415277237e-11,3.6540889945436377e-09,0
2025-07-15T08:21:40,117,0,3.741837083650029e-11,2.2452263928574393e-08,0
2025-07-15T08:26:39,116,0,3.1165855609733392e-12,1.6345400296759153e-07,0
2025-07-15T08:31:40,117,0,1.0023282494740892e-13,4.18311358401921e-07,0
2025-07-15T08:36:39,115,0,2.3065474026754157e-12,1.3239649510721265e-06,0
2025-07-15T08:41:40,124,0,7.014529121684602e-18,5.594815390698519e-09,0
2025-07-15T08:46:40,122,0,1.6644223271380198e-14,5.191353013988864e-08,0
2025-07-15T08:51:39,125,0,9.950035426737165e-15,3.793510924877429e-10,0
2025-07-15T08:56:40,128,0,3.39691450465659e-16,3.365918344574674e-10,0
2025-07-15T09:01:40,130,0,7.974327380736024e-16,3.346733761298864e-11,0
2025-07-15T09:06:39,131,0,1.0301365264866276e-15,2.5105148051541467e-11,0
2025-07-15T09:11:39,132,0,1.4269954278368885e-15,3.2914256038719708e-12,0
2025-07-15T09:16:40,133,0,7.815053251354634e-16,2.2595079822121623e-12,0
2025-07-15T09:21:40,134,0,4.995934962108652e-16,2.2972975393894838e-12,0
2025-07-15T09:26:40,134,0,1.1208027820520287e-15,1.6890600480425008e-12,0
2025-07-15T09:31:40,134,0,3.3448153295762687e-15,7.74959499940342e-12,0
2025-07-15T09:36:40,132,0,4.113921192204656e-14,1.643172154308946e-11,0
2025-07-15T09:41:40,132,0,1.2490769589729158e-14,2.7588578492058735e-11,0
2025-07-15T09:46:40,130,0,7.255434556000433e-14,3.0470892832813575e-10,0
2025-07-15T09:51:39,131,0,5.692644546955124e-15,2.285107635391237e-10,0
2025-07-15T09:56:39,132,0,9.8127811528452e-16,4.585340255818247e-10,0
2025-07-15T10:01:39,126,0,1.5791471060752633e-11,4.457397686653646e-09,0
2025-07-15T10:06:40,121,0,5.863078729401241e-10,1.5366213945973915e-08,0
2025-07-15T10:11:40,119,0,2.0212984546466807e-11,1.1169081736823895e-07,0
2025-07-15T10:16:40,118,0,1.41145918476973e-12,8.162463218052221e-07,0
2025-07-15T10:21:40,118,0,2.3330271681124453e-13,1.5671005686661554e-06,0
2025-07-15T10:26:40,118,0,2.3821487763753863e-13,4.99905032373927e-07,0
2025-07-15T10:31:39,117,0,1.62730104331626e-12,2.8396844751610284e-07,0
2025-07-15T10:36:40,114,0,5.969171281282448e-11,4.5926963744257357e-07,0
2025-07-15T10:41:40,110,0,1.4902618046469672e-09,2.246215161891226e-06,0
2025-07-15T10:46:40,108,0,3.8740763936399147e-10,9.471413344745377e-06,0
2025-07-15T10:51:40,108,0,9.490781516090994e-12,1.2612699741783252e-05,0
2025-07-15T10:56:40,110,0,1.7481967470945697e-13,4.095241970780992e-06,0
2025-07-15T11:01:40,112,0,4.822940532013198e-14,9.596552987500703e-07,0
2025-07-15T11:06:40,115,0,1.140238000730638e-14,6.87325134989317e-08,0
2025-07-15T11:11:40,119,0,1.097113406010834e-15,6.311316213204338e-09,0
2025-07-15T11:16:40,125,0,1.740241173935565e-17,2.63905015754464e-10,0
2025-07-15T11:21:40,131,0,1.3011644914121479e-18,9.693346669035297e-12,0
2025-07-15T11:26:40,135,0,3.847341622285731e-18,2.5362041501400804e-13,0
2025-07-15T11:31:40,138,0,1.0187654448885003e-17,6.828898097195124e-15,0
2025-07-15T11:36:40,139,0,8.201265033633664e-17,1.5285067268622985e-15,0
2025-07-15T11:41:40,141,0,2.610223776990376e-17,5.2996108663701865e-16,0
2025-07-15T11:46:40,141,0,1.041891562941028e-16,1.8818551173591598e-15,0
2025-07-15T11:51:40,141,0,2.407117495260459e-16,2.6085604558398283e-15,0
2025-07-15T11:56:40,139,0,3.600717189569365e-15,2.1840638032976418e-14,0
2025-07-15T12:01:40,138,0,4.839138181734059e-15,8.364565657335386e-14,0
2025-07-15T12:06:40,135,0,6.582166649115596e-14,3.5389739246675946e-12,0
2025-07-15T12:11:40,132,0,4.91315613403531e-13,5.2360981774361645e-11,0
2025-07-15T12:16:40,129,0,1.0830144243420228e-12,9.938269121407347e-10,0
2025-07-15T12:21:40,127,0,7.022037841704103e-13,6.48900541014038e-09,0
2025-07-15T12:26:40,126,0,1.7793866636017478e-13,2.576393767620268e-08,0
2025-07-15T12:31:40,123,0,2.9848702398563594e-12,1.340418776892869e-07,0
2025-07-15T12:36:40,121,0,5.54619150511437e-12,1.6224692181135517e-07,0
2025-07-15T12:41:40,119,0,6.82010315610424e-12,4.0856150880541734e-07,0
2025-07-15T12:46:40,115,0,1.8249590841205876e-10,1.551070172228607e-06,0
2025-07-15T12:51:40,112,0,3.2554358813380285e-10,3.972141631726722e-06,0
2025-07-15T12:56:40,110,0,1.088900989653683e-10,8.226882963419528e-06,0
2025-07-15T13:01:41,114,0,2.706195670426121e-14,1.3982304441821906e-06,0
2025-07-15T13:06:40,123,0,5.3037153234124e-19,4.3488893429018054e-08,0
2025-07-15T13:11:40,134,0,5.09211355441057e-22,9.517754828806504e-11,0
2025-07-15T13:16:39,148,0,3.9989104809625777e-25,1.1253601074694981e-14,0
2025-07-15T13:21:39,159,0,3.083470264234591e-25,1.8263482465037007e-18,0
2025-07-15T13:26:40,167,0,6.2149822391361475e-24,6.4714008363534935e-22,0
2025-07-15T13:31:39,170,0,2.12729619465723e-21,9.890060696867227e-24,0
2025-07-15T13:36:39,167,0,1.502281073506908e-17,4.302990598930029e-24,0
2025-07-15T13:41:39,160,0,3.019741513348599e-14,1.1543245421694426e-22,0
2025-07-15T13:46:39,156,0,4.521447237538795e-15,3.3431277223181705e-21,0
2025-07-15T13:51:39,151,0,5.2531933961275085e-15,3.136046326848276e-18,0
2025-07-15T13:56:39,142,0,9.247971657765664e-12,6.890619762947995e-15,0
2025-07-15T14:01:39,137,0,5.406417777955695e-12,6.316890875742964e-13,0
2025-07-15T14:06:39,138,0,1.9805097505976374e-15,1.6201102682567168e-11,0
2025-07-15T14:11:39,143,0,6.648708288114073e-19,4.963564093469151e-11,0
2025-07-15T14:16:39,151,0,1.0987681211387368e-21,6.367448930153831e-12,0
2025-07-15T14:21:39,159,0,1.32564285864258e-22,7.282335141535956e-14,0
2025-07-15T14:26:39,167,0,4.1454942560655843e-23,2.0855471226699225e-16,0
2025-07-15T14:31:39,171,0,1.3187185312951142e-21,3.838462988972207e-18,0
2025-07-15T14:36:39,174,0,9.668235013280054e-21,1.3923997219897652e-19,0
2025-07-15T14:41:39,176,0,1.1760606792584522e-20,3.601866801477149e-20,0
2025-07-15T14:46:39,174,0,7.753350123704969e-19,3.4976420584549205e-20,0
2025-07-15T14:51:39,169,0,1.7576884294946164e-16,2.29342273834282e-19,0
2025-07-15T14:56:39,161,0,9.904566461204005e-14,2.2003148562813344e-17,0
2025-07-15T15:01:39,154,0,5.986202295147432e-13,3.69738761935898e-15,0
2025-07-15T15:06:39,147,0,1.7418320287793783e-12,2.019996344791207e-12,0
2025-07-15T15:11:39,140,0,1.2418488441900256e-11,2.643323957292105e-10,0
2025-07-15T15:16:39,132,0,4.511359541882031e-10,2.222582330498209e-08,0
2025-07-15T15:21:39,121,0,6.085246481770845e-07,1.3364414532436926e-06,0
2025-07-15T15:26:39,113,0,1.0753072698973197e-06,1.4505535708486644e-05,0
2025-07-15T15:31:39,108,0,4.469585842172442e-08,0.00012116632355830488,0
2025-07-15T15:36:40,106,0,9.523214278490602e-10,0.00011307332809820437,0
2025-07-15T15:41:40,104,0,6.826252045493408e-10,4.5270311985447085e-05,0
2025-07-15T15:46:39,102,0,2.8693810044521906e-09,4.524971095118465e-06,0
2025-07-15T15:51:39,100,0,8.337729647485509e-09,1.402241437714587e-06,0
2025-07-15T15:56:40,101,0,2.611619597645731e-10,4.282321870182044e-07,0
2025-07-15T16:01:39,103,0,9.061598582794594e-12,4.3825986315281495e-07,0
2025-07-15T16:06:39,106,0,6.455280716493408e-13,1.4542529997382954e-07,0
2025-07-15T16:11:39,108,0,4.596579551540616e-13,3.5901190980879425e-08,0
2025-07-15T16:16:39,108,0,5.163069919128154e-12,1.311216522695045e-08,0
2025-07-15T16:21:39,109,0,2.039104729210591e-12,6.745986381542703e-09,0
2025-07-15T16:26:40,109,0,2.3780993562667047e-12,2.0267136222480677e-08,0
2025-07-15T16:31:39,110,0,5.708877642023539e-13,2.1519874917568497e-08,0
2025-07-15T16:36:40,111,0,1.7460333421015691e-13,2.2382054584017937e-08,0
2025-07-15T16:41:40,109,0,7.555301345703675e-12,3.6516629883389566e-08,0
2025-07-15T16:46:40,106,0,2.2617164898993248e-10,1.3763092042104703e-07,0
2025-07-15T16:51:40,103,0,8.696312952572784e-10,1.2235554098496947e-06,0
2025-07-15T16:56:39,108,0,2.8059279704993382e-14,4.371707109971894e-07,0
2025-07-15T17:01:40,116,0,2.230328214634195e-18,8.251773796531191e-08,0
2025-07-15T17:06:39,115,0,2.6573184508784842e-14,4.5669158034693207e-08,0
2025-07-15T17:11:39,118,0,2.3104749387396234e-14,4.061627800806762e-10,0
2025-07-15T17:16:40,122,0,5.051690335548435e-16,6.540799251145066e-11,0
2025-07-15T17:21:39,130,0,3.223409925050725e-19,2.1190379449089883e-12,0
2025-07-15T17:26:39,140,0,2.153952242976013e-22,4.189469109235725e-14,0
2025-07-15T17:31:39,153,0,1.4543702338510497e-25,3.280372793365546e-18,0
2025-07-15T17:36:39,167,0,2.930050831888152e-28,8.347113063493814e-23,0
2025-07-15T17:41:40,173,0,3.141259129695841e-25,3.887643028381874e-26,0
2025-07-15T17:46:39,171,0,3.6728327581759767e-19,1.0544745184272758e-26,0
2025-07-15T17:51:40,175,0,9.232058975284092e-21,2.7628552343777514e-27,0
2025-07-15T17:56:39,184,0,4.355825908418225e-26,2.6702914945622954e-28,0
2025-07-15T18:01:40,196,0,2.8074942167603906e-30,4.423798007372928e-30,0
2025-07-15T18:06:40,208,0,4.830766174591678e-32,5.596102500159919e-33,0
2025-07-15T18:11:40,220,0,1.4836128265164373e-32,2.072940587643712e-36,0
2025-07-15T18:16:40,230,0,4.448859603958178e-32,8.472209077995405e-39,0
2025-07-15T18:21:40,239,0,1.051160609489237e-31,1.4623195525576477e-40,0
2025-07-15T18:26:39,247,0,1.1226004842610962e-31,2.423557505525287e-41,0
2025-07-15T18:31:40,245,0,1.3282162901087598e-26,2.998931797028059e-40,0
2025-07-15T18:36:39,246,0,1.3404788063894724e-26,2.88449638842531e-40,0
2025-07-15T18:41:39,249,0,5.241133859437472e-29,1.5039116327975253e-38,0
2025-07-15T18:46:40,256,0,2.4674798070276475e-32,9.919723189367643e-38,0
2025-07-15T18:51:39,260,0,3.3990044837138357e-32,1.4995602397130423e-36,0
2025-07-15T18:56:39,260,0,3.683264801451257e-29,1.83237566669515e-36,0
2025-07-15T19:01:40,261,0,1.0651247644376287e-28,4.84488218045068e-36,0
2025-07-15T19:06:40,260,0,6.453665181747275e-28,3.5668245970794548e-34,0
2025-07-15T19:11:40,255,0,2.292722254893529e-25,1.9365769710681013e-31,0
2025-07-15T19:16:40,248,0,4.233430513651872e-23,1.040857246880125e-28,0
2025-07-15T19:21:40,237,0,6.805869213905759e-20,7.371490224659043e-26,0
2025-07-15T19:26:39,225,0,1.2499115763186133e-17,5.116200536019348e-23,0
2025-07-15T19:31:40,216,0,3.747071382528324e-18,1.1893885766979836e-20,0
2025-07-15T19:36:39,204,0,4.8490740467022e-16,3.953038459517842e-18,0
2025-07-15T19:41:39,192,0,5.704839956119268e-14,6.96633991332283e-17,0
2025-07-15T19:46:39,181,0,5.356072890898869e-13,4.694306606294888e-16,0
2025-07-15T19:51:39,172,0,7.75722627933711e-13,9.850842971302917e-16,0
2025-07-15T19:56:39,165,0,3.292390597457009e-13,1.300153479000404e-15,0
2025-07-15T20:01:40,157,0,7.182692508166906e-12,7.57348378666375e-16,0
2025-07-15T20:06:40,144,0,1.9594094325389995e-07,1.0725200813702503e-15,0
2025-07-15T20:11:40,129,0,0.0016279684190019922,2.2001901407112527e-15,0
2025-07-15T20:16:39,119,0,0.00023704776996732684,7.238840143928543e-15,0
2025-07-15T20:21:40,114,0,2.443432648027615e-07,1.0482426635416177e-13,0
2025-07-15T20:26:40,112,0,1.280337883826347e-09,6.948472441435896e-13,0
2025-07-15T20:31:40,110,0,9.358995316514709e-10,1.6407592517034776e-12,0
2025-07-15T20:36:40,103,0,3.5008856602093326e-06,1.1645391093095465e-11,0
2025-07-15T20:41:40,98,0,2.140212277653602e-05,6.18879283707794e-11,0
2025-07-15T20:46:40,89,0,0.004950388978992355,2.3641498815836955e-08,0
2025-07-15T20:51:40,79,0,0.4277851492080945,3.393014505811659e-06,0
2025-07-15T20:56:39,81,0,4.4837282838843906e-07,3.330116464881955e-05,0
2025-07-15T21:01:40,80,0,3.077203032460681e-08,0.0011876994513570851,0
2025-07-15T21:06:40,88,0,6.360551066373527e-13,1.9616627456087325e-05,0
2025-07-15T21:11:40,103,0,9.001954112244786e-20,9.183470052149439e-08,0
2025-07-15T21:16:40,121,0,2.751863600564686e-24,9.057570792638744e-12,0
2025-07-15T21:21:40,142,0,1.1457021935907e-28,6.191109112484769e-17,0
2025-07-15T21:26:40,154,0,3.921197262160256e-26,3.8069118497858343e-22,0
2025-07-15T21:31:40,149,0,1.6773657227301743e-15,5.9015550725182265e-24,0
2025-07-15T21:36:40,154,0,2.5993006459972937e-18,5.969976203336677e-28,0
2025-07-15T21:41:39,152,0,2.268000426382733e-18,1.8820039743907e-27,0
2025-07-15T21:46:40,142,0,1.953761530429432e-12,4.7514719790344086e-24,0
2025-07-15T21:51:40,139,0,1.871355883139529e-14,5.591022933740303e-23,0
2025-07-15T21:56:39,131,0,5.926104278572903e-12,8.234883391838042e-19,0
2025-07-15T22:01:40,119,0,3.8375038605796125e-07,9.495622180098177e-14,0
2025-07-15T22:06:40,108,0,4.263616797799753e-05,2.2864313479073074e-09,0
2025-07-15T22:11:40,99,0,0.00010321997702918813,1.1113537046711022e-05,0
2025-07-15T22:16:39,93,0,6.511961171201369e-06,0.0066255515033738725,0
2025-07-15T22:21:40,92,0,8.275171910131356e-09,0.029882707521278997,0
2025-07-15T22:26:40,96,0,3.1679747908276965e-12,0.008985871408689648,0
2025-07-15T22:31:40,106,0,8.659640439089281e-17,3.455861817844665e-05,0
2025-07-15T22:36:40,111,0,8.513048037029642e-16,2.1069061943593023e-07,0
2025-07-15T22:41:40,109,0,1.0899300866880956e-10,8.05687258491179e-09,0
2025-07-15T22:46:40,101,0,1.827175069526069e-05,2.272074256191016e-08,0
2025-07-15T22:51:40,99,0,1.9665139076285973e-07,2.9728961334582116e-08,0
2025-07-15T22:56:40,107,0,1.777091259420285e-15,2.9774043140562186e-08,0
2025-07-15T23:01:40,113,0,5.893153876310649e-18,1.2606168700584845e-08,0
2025-07-15T23:06:40,119,0,2.782547260654379e-18,2.6290102120513583e-11,0
2025-07-15T23:11:40,121,0,3.7775007381955886e-16,8.02427304635824e-13,0
2025-07-15T23:16:40,117,0,1.5987667085904256e-11,3.072801228820735e-12,0
2025-07-15T23:21:40,114,0,2.3662250076508595e-10,2.0472720760566622e-10,0
2025-07-15T23:26:40,115,0,7.964659279842308e-13,2.7101874444851738e-09,0
2025-07-15T23:31:40,118,0,2.1673713262958158e-15,4.207324931469039e-09,0
2025-07-15T23:36:40,119,0,2.5367632726304346e-15,7.67199466323073e-10,0
2025-07-15T23:41:40,118,0,1.1866573543159903e-13,1.8648205525004816e-10,0
2025-07-15T23:46:40,114,0,7.419410440303079e-11,3.473888216164709e-09,0
2025-07-15T23:51:40,112,0,7.46016639719114e-11,2.993971800445807e-08,0
2025-07-15T23:56:40,109,0,1.661843346503176e-10,1.7997369158803545e-06,0
2025-07-16T00:01:40,104,0,8.433909103297721e-09,3.836963342767412e-05,0
2025-07-16T00:06:40,98,0,2.4659227305117125e-07,0.00039555156196550826,0
2025-07-16T00:11:40,95,0,3.078545587358172e-08,0.0011238896895790541,0
2025-07-16T00:16:40,91,0,6.252307367934385e-08,0.022263914658188902,0
2025-07-16T00:21:40,85,0,5.155004445280344e-06,0.24466429930744643,0
2025-07-16T00:26:40,84,0,1.0220828018221872e-07,0.21894035149125174,0
2025-07-16T00:31:40,90,0,1.2727151199553925e-12,0.03126852749939211,0
2025-07-16T00:36:40,100,0,3.925302593372398e-17,0.000320088316044552,0
2025-07-16T00:41:40,115,0,7.5619776248260245e-22,3.973069155910841e-08,0
2025-07-16T00:46:41,131,0,8.663399095403825e-25,4.633468673929079e-13,0
2025-07-16T00:51:40,141,0,5.1585408995734186e-23,1.7124373219401453e-17,0
2025-07-16T00:56:40,159,0,6.81049241519961e-28,2.3747269170042513e-24,0
2025-07-16T01:01:41,171,0,2.3877273804646668e-28,2.4245367460645767e-28,0
2025-07-16T01:06:40,189,0,1.5443170451966073e-32,8.861305079215806e-36,0
2025-07-16T01:11:40,204,0,7.131001899253598e-35,1.9509231209472586e-42,0
2025-07-16T01:16:40,211,0,4.2846026051551665e-31,9.88222035993424e-48,0
2025-07-16T01:21:40,218,0,6.072673329471251e-30,2.0771803102915649e-50,0
2025-07-16T01:26:41,226,0,1.01477839798959e-30,1.47717304662991e-51,0
2025-07-16T01:31:40,235,0,6.278272433085611e-32,1.8620284448567817e-51,0
2025-07-16T01:36:40,239,0,9.959099233284781e-30,3.3295977337769606e-50,0
2025-07-16T01:41:41,238,0,6.631975854812535e-26,8.386773238123064e-49,0
2025-07-16T01:46:40,236,0,5.7098665301416414e-24,4.6670440175781145e-45,0
2025-07-16T01:51:40,233,0,2.6433876537281718e-23,1.755250155780861e-40,0
2025-07-16T01:56:40,224,0,1.264626476011571e-19,4.046206916214839e-34,0
2025-07-16T02:01:40,216,0,2.547154016925618e-18,3.2838843576366055e-29,0
2025-07-16T02:06:40,211,0,9.079606334784e-20,2.9731031990138643e-25,0
2025-07-16T02:11:40,209,0,7.644537553431812e-22,3.648286745156747e-22,0
2025-07-16T02:16:40,209,0,1.972400499087194e-23,2.147768283028942e-20,0
2025-07-16T02:21:41,213,0,8.729456722599753e-26,2.0116446895838285e-20,0
2025-07-16T02:26:41,221,0,5.726440345685316e-29,1.0787039877284484e-21,0
2025-07-16T02:31:40,229,0,2.7203827131672842e-30,1.6815866951572164e-23,0
2025-07-16T02:36:40,229,0,3.687922792562267e-26,1.9657706819284666e-24,0
2025-07-16T02:41:40,224,0,1.981030035397568e-21,6.72844733074819e-25,0
2025-07-16T02:46:40,220,0,8.55611545834526e-21,1.551406336616353e-24,0
2025-07-16T02:51:40,216,0,3.230170732266152e-21,5.558325303565897e-23,0
2025-07-16T02:56:40,212,0,2.2756685822224167e-21,2.0148901718789268e-21,0
2025-07-16T03:01:40,209,0,1.100796734588697e-21,1.4509473927260098e-20,0
2025-07-16T03:06:40,206,0,1.874386247866449e-21,5.479623555369765e-20,0
2025-07-16T03:11:41,203,0,5.66284663481791e-21,2.442320128457275e-19,0
2025-07-16T03:16:40,200,0,1.9743851761641272e-20,1.2515561062923214e-18,0
2025-07-16T03:21:40,198,0,1.7579879893164854e-20,3.776841195574004e-18,0
2025-07-16T03:26:41,195,0,8.064409305321262e-20,1.1417161237415164e-17,0
2025-07-16T03:31:40,191,0,1.1167890001919388e-18,1.9697068920171185e-17,0
2025-07-16T03:36:40,188,0,1.2904406545124598e-18,2.896681452843168e-17,0
2025-07-16T03:41:40,185,0,1.6690018231612725e-18,6.572645384712169e-17,0
2025-07-16T03:46:42,182,0,3.249828536500853e-18,1.4304649379479208e-16,0
2025-07-16T03:51:41,181,0,4.6385326094905675e-19,1.9108918904967708e-16,0
2025-07-16T03:56:42,183,0,4.426249035518983e-21,1.1190526237995038e-16,0
2025-07-16T04:01:41,181,0,1.6834109064427866e-19,2.6221397023045674e-16,0
2025-07-16T04:06:41,179,0,2.4495751770651102e-18,1.2413606344454763e-16,0
2025-07-16T04:11:41,176,0,1.7167503616547263e-17,3.545554872928664e-16,0
2025-07-16T04:16:41,173,0,4.98062941488711e-17,1.1064337477433952e-15,0
2025-07-16T04:21:41,173,0,1.011527608998858e-18,2.447766207196615e-15,0
2025-07-16T04:26:41,172,0,8.647999791836647e-19,6.135413610053659e-15,0
2025-07-16T04:31:42,170,0,7.469422556497716e-18,6.963057782179902e-15,0
2025-07-16T04:36:41,170,0,1.4716701044502697e-18,3.61747040117446e-15,0
2025-07-16T04:41:42,168,0,1.0013624706275e-17,9.493876755344698e-15,0
2025-07-16T04:46:41,163,0,2.650832743806079e-15,7.11233841654352e-14,0
2025-07-16T04:51:42,159,0,8.834998969926088e-15,2.3748973415224823e-13,0
2025-07-16T04:56:41,154,0,4.9824660251453903e-14,2.8515409143058333e-12,0
2025-07-16T05:01:40,149,0,1.9913102632996886e-13,2.535556732816146e-11,0
2025-07-16T05:06:41,146,0,3.862262297369055e-14,9.24044953665569e-11,0
2025-07-16T05:11:41,142,0,1.6347648316825947e-13,4.878214075329322e-10,0
2025-07-16T05:16:40,139,0,2.3201578053271096e-13,9.119260276012915e-10,0
2025-07-16T05:21:40,135,0,1.5422293870689141e-12,3.0499276516137244e-09,0
2025-07-16T05:26:40,129,0,1.5246680984419577e-10,1.587807649532792e-08,0
2025-07-16T05:31:41,123,0,1.884816578117144e-09,9.622079651328664e-08,0
2025-07-16T05:36:41,117,0,8.264076334424858e-09,6.566672775423244e-07,0
2025-07-16T05:41:40,112,0,8.616799185991067e-09,4.180921940099186e-06,0
2025-07-16T05:46:40,109,0,1.1771408192498114e-09,1.1719466899842206e-05,0
2025-07-16T05:51:41,107,0,3.0357790954402485e-10,1.6286792823349628e-05,0
2025-07-16T05:56:41,105,0,4.4555163088071817e-10,2.1237528511080376e-05,0
2025-07-16T06:01:41,107,0,4.267276493775492e-12,4.4774946071458815e-06,0
2025-07-16T06:06:41,111,0,3.080788145100721e-14,1.0378842182774505e-06,0
2025-07-16T06:11:40,110,0,4.829226018081707e-12,9.161509135793994e-07,0
2025-07-16T06:16:40,107,0,1.1392131737790703e-09,4.2715478250082283e-07,0
2025-07-16T06:21:41,105,0,1.3171230919185387e-09,4.841267904068707e-07,0
2025-07-16T06:26:40,105,0,3.987954102565698e-11,1.0343788486399217e-06,0
2025-07-16T06:31:41,103,0,9.835424774533955e-11,7.87981842775153e-06,0
2025-07-16T06:36:41,104,0,5.888323158064269e-12,2.974337067724768e-06,0
2025-07-16T06:41:41,104,0,4.396046611578608e-12,4.06796074001882e-06,0
2025-07-16T06:46:41,104,0,7.744639323426978e-12,1.812792745893721e-06,0
2025-07-16T06:51:41,104,0,8.76167195538656e-12,3.157147840674944e-06,0
2025-07-16T06:56:41,103,0,5.661165078001892e-11,7.699251997204113e-06,0
2025-07-16T07:01:41,105,0,1.5653514196969774e-12,2.701772357755412e-06,0
2025-07-16T07:06:40,107,0,1.67171893736634e-13,1.0933796402805615e-06,0
2025-07-16T07:11:40,109,0,9.342164253398588e-14,1.8056209598038653e-07,0
2025-07-16T07:16:41,111,0,6.069769212156951e-14,4.355072320485279e-08,0
2025-07-16T07:21:41,112,0,1.4988239314848811e-13,9.207551307914497e-09,0
2025-07-16T07:26:41,114,0,4.489048634432747e-14,3.480238726949415e-09,0
2025-07-16T07:31:41,115,0,5.550110610467241e-14,2.7437980824152897e-09,0
2025-07-16T07:36:41,115,0,2.4717806107395123e-13,2.1893506365316375e-09,0
2025-07-16T07:41:41,115,0,3.404661396526797e-13,2.1893036092698113e-09,0
2025-07-16T07:46:41,114,0,1.1303987236625212e-12,3.420454979775765e-09,0
2025-07-16T07:51:41,113,0,2.266937430839075e-12,1.118458718089674e-08,0
2025-07-16T07:56:41,110,0,4.723155858415946e-11,1.1091018744505416e-07,0
2025-07-16T08:01:41,106,0,1.203203745512639e-09,1.0822504691270208e-06,0
2025-07-16T08:06:41,104,0,3.450028249433471e-10,6.696810763509862e-06,0
2025-07-16T08:11:40,104,0,1.3593066513564846e-11,2.0042190517871792e-05,0
2025-07-16T08:16:41,105,0,1.4863681611202296e-12,2.9267931927371206e-05,0
2025-07-16T08:21:41,109,0,1.6438156891458714e-14,3.4423327014033833e-06,0
2025-07-16T08:26:40,107,0,8.8481774195006e-12,4.9690380330752085e-06,0
2025-07-16T08:31:41,108,0,6.433590814091457e-12,4.1037957111299703e-07,0
2025-07-16T08:36:40,108,0,3.949902444269008e-12,7.850326639505172e-07,0
2025-07-16T08:41:41,108,0,5.6504789879367015e-12,5.669015784029262e-07,0
2025-07-16T08:46:41,109,0,7.470928588062189e-13,4.456648196590977e-07,0
2025-07-16T08:51:40,109,0,1.3076119708473852e-12,1.6596064955535552e-07,0
2025-07-16T08:56:40,106,0,1.1019275675700612e-10,4.2357666095989124e-07,0
2025-07-16T09:01:41,108,0,9.987214697410052e-13,1.1099076929803664e-07,0
2025-07-16T09:06:41,111,0,1.2179530925755017e-14,1.172269198678461e-07,0
2025-07-16T09:11:41,114,0,4.584983543894152e-15,5.469685034033409e-08,0
2025-07-16T09:16:41,116,0,8.302819967724184e-15,6.99411072795844e-09,0
2025-07-16T09:21:41,117,0,5.539337113048438e-14,1.3207035997022755e-09,0
2025-07-16T09:26:41,117,0,2.459719870566359e-13,1.0792588833680938e-09,0
2025-07-16T09:31:41,117,0,3.030883627088038e-13,1.3411914588040258e-09,0
2025-07-16T09:36:41,118,0,5.934524824818769e-14,1.7746356524142658e-09,0
2025-07-16T09:41:41,120,0,5.7065170722582035e-15,1.0750854973334632e-09,0
2025-07-16T09:46:41,121,0,6.15752052659877e-15,3.7575967418417296e-10,0
2025-07-16T09:51:41,120,0,1.6001143311040148e-13,5.31494385318022e-10,0
2025-07-16T09:56:41,121,0,4.5542520279058095e-14,3.758868589770722e-10,0
2025-07-16T10:01:41,123,0,3.595099985744312e-15,5.046616090125725e-10,0
2025-07-16T10:06:41,126,0,3.267978603092207e-16,2.3306411897383025e-10,0
2025-07-16T10:11:41,127,0,1.5722055066619676e-15,1.5474121952509016e-10,0
2025-07-16T10:16:42,127,0,1.625929708805697e-14,5.5167166467403796e-11,0
2025-07-16T10:21:41,127,0,2.4653848605878483e-14,5.025505179208197e-11,0
2025-07-16T10:26:41,126,0,8.438015850906227e-14,1.4874382353951779e-10,0
2025-07-16T10:31:41,123,0,2.307263568299078e-12,1.3916296872102806e-09,0
2025-07-16T10:36:41,120,0,1.1893027307000321e-11,7.81568544379669e-09,0
2025-07-16T10:41:41,118,0,5.224597295325197e-12,3.183504951711732e-08,0
2025-07-16T10:46:41,116,0,4.953584912440455e-12,2.0323225462667327e-07,0
2025-07-16T10:51:41,113,0,3.752568302179879e-11,1.3495734570295186e-06,0
2025-07-16T10:56:41,109,0,7.769284632709065e-10,8.899921387281637e-06,0
2025-07-16T11:01:41,110,0,4.537737693532125e-12,5.569617056089697e-06,0
2025-07-16T11:06:41,110,0,1.2853188186812658e-12,1.590255925589265e-05,0
2025-07-16T11:11:41,116,0,7.069785617850859e-16,4.982192672312441e-07,0
2025-07-16T11:16:41,130,0,1.861486626709944e-22,8.305724095297585e-10,0
2025-07-16T11:21:41,148,0,8.131770634559031e-28,2.6169383220861775e-14,0
2025-07-16T11:26:41,160,0,7.389505306654583e-27,1.858998765536724e-18,0
2025-07-16T11:31:41,165,0,2.268772599704208e-22,3.1153936055707946e-22,0
2025-07-16T11:36:41,165,0,1.639630624504313e-18,5.9235474693544796e-24,0
2025-07-16T11:41:41,166,0,1.0961054345326768e-18,1.520552740269924e-24,0
2025-07-16T11:46:41,166,0,2.175922914189382e-19,7.21945549500992e-24,0
2025-07-16T11:51:41,168,0,7.776525952123014e-21,1.1794805556481443e-23,0
2025-07-16T11:56:41,167,0,6.872990407449953e-20,4.149537797258701e-23,0
2025-07-16T12:01:41,165,0,3.1025299377280037e-18,2.1999375067126255e-22,0
2025-07-16T12:06:41,175,0,1.6521793925883606e-24,6.351367938326858e-23,0
2025-07-16T12:11:41,204,0,8.964435300323853e-39,1.1790324928391084e-26,0
2025-07-16T12:16:41,227,0,1.2462345672450164e-41,1.152013477242371e-30,0
2025-07-16T12:21:42,238,0,9.948158863586253e-35,2.285054816596005e-36,0
2025-07-16T12:26:41,235,0,1.7947735034160106e-24,6.010416074801667e-39,0
2025-07-16T12:31:41,221,0,5.1614331461313174e-15,1.2172603863059933e-36,0
2025-07-16T12:36:41,206,0,3.4252879929802055e-12,4.566554557845271e-31,0
2025-07-16T12:41:41,192,0,2.046906617868021e-12,9.472987490899742e-25,0
2025-07-16T12:46:41,181,0,7.64840398428172e-14,3.3682619200493936e-20,0
2025-07-16T12:51:41,173,0,2.535986051123105e-15,1.5762844992149492e-17,0
2025-07-16T12:56:41,171,0,4.661583647556162e-18,1.6509325353844108e-16,0
2025-07-16T13:01:41,169,0,4.0684169660949155e-18,4.9360495666311745e-15,0
2025-07-16T13:06:41,170,0,8.708002711509822e-19,2.350113737719674e-15,0
2025-07-16T13:11:42,170,0,2.430300421244044e-18,1.4490405509385363e-15,0
2025-07-16T13:16:41,168,0,1.3459993033744605e-16,4.158378714309006e-16,0
2025-07-16T13:21:41,161,0,4.2189413994726074e-13,1.0761223977913038e-15,0
2025-07-16T13:26:41,152,0,2.9444027868098103e-10,2.5031530075974917e-15,0
2025-07-16T13:31:41,151,0,5.721284965072157e-14,2.064370553034963e-15,0
2025-07-16T13:36:41,148,0,9.629606072307278e-15,7.829334738334406e-14,0
2025-07-16T13:41:42,145,0,3.5750194505782217e-14,5.364105091677306e-13,0
2025-07-16T13:46:41,140,0,1.4295381893629109e-12,1.5995108564081685e-11,0
2025-07-16T13:51:41,135,0,2.1680718785726324e-11,1.2124557446831692e-10,0
2025-07-16T13:56:42,131,0,1.5009090500369058e-11,3.578402087916819e-09,0
2025-07-16T14:01:41,128,0,6.462739541044984e-12,2.898468506273112e-08,0
2025-07-16T14:06:42,126,0,2.2257061757188604e-12,7.94971067002474e-08,0
2025-07-16T14:11:42,125,0,6.632034845359687e-13,4.497721498454e-08,0
2025-07-16T14:16:42,121,0,3.466311461666463e-11,5.6896747576706894e-08,0
2025-07-16T14:21:42,120,0,9.136416371033403e-12,3.011651800275227e-08,0
2025-07-16T14:26:41,116,0,1.631513017554593e-10,2.727543962950058e-07,0
2025-07-16T14:31:41,109,0,1.1459246441068497e-07,2.7344757851552005e-06,0
2025-07-16T14:36:41,106,0,8.211360360763211e-09,1.0297509664777233e-05,0
2025-07-16T14:41:42,102,0,8.574862992639426e-09,0.00013559259469320242,0
2025-07-16T14:46:41,100,0,1.966569829624229e-09,0.0002666823022410494,0
2025-07-16T14:51:41,99,0,3.3990457840397286e-10,0.00046751762423695014,0
2025-07-16T14:56:41,98,0,4.617863694862727e-10,0.0003273675449054929,0
2025-07-16T15:01:41,93,0,1.8015954144543088e-07,0.0023055592960484522,0
2025-07-16T15:06:42,91,0,8.523140244418508e-08,0.0013505215158960073,0
2025-07-16T15:11:41,88,0,1.2072475220371067e-07,0.014385141852238978,0
2025-07-16T15:16:42,91,0,8.761769845323399e-11,0.0027848110511856975,0
2025-07-16T15:21:41,98,0,5.360510754515898e-15,0.0001634717621246672,0
2025-07-16T15:26:42,105,0,1.8907970849777317e-16,1.6055604455077303e-06,0
2025-07-16T15:31:42,115,0,5.576091453762839e-19,1.0332996000174606e-09,0
2025-07-16T15:36:42,123,0,2.35664687763774e-19,2.1528617221197534e-12,0
2025-07-16T15:41:41,123,0,5.3398139513390215e-15,2.474979233098326e-13,0
2025-07-16T15:46:41,123,0,1.6344608070342767e-13,3.8416751297269913e-14,0
2025-07-16T15:51:42,121,0,7.604011476064077e-13,8.276324271101722e-14,0
2025-07-16T15:56:42,119,0,9.621389166404687e-13,5.710714837046263e-13,0
2025-07-16T16:01:41,119,0,2.7858279277174838e-14,1.4162339108079459e-12,0
2025-07-16T16:06:41,116,0,9.122532438832643e-13,3.2631822930529676e-11,0
2025-07-16T16:11:42,117,0,6.76466402800235e-14,8.659349729847974e-11,0
2025-07-16T16:16:42,113,0,1.539830518570975e-11,7.50420477115547e-09,0
2025-07-16T16:21:41,111,0,8.064209956405208e-11,4.773709369113413e-08,0
2025-07-16T16:26:42,111,0,4.1920310162849875e-12,7.353475021593009e-07,0
2025-07-16T16:31:42,112,0,4.747718488102504e-13,8.540698132111898e-07,0
2025-07-16T16:36:42,115,0,1.2281931943547637e-14,4.5633665718984715e-07,0
2025-07-16T16:41:41,112,0,1.1831196644886094e-11,8.297695758328945e-07,0
2025-07-16T16:46:41,108,0,2.331327105277283e-09,6.677111508067002e-07,0
2025-07-16T16:51:41,105,0,2.3206938722163534e-09,4.085872518269225e-06,0
2025-07-16T16:56:41,103,0,4.858793699889072e-10,1.9931087053562048e-05,0
2025-07-16T17:01:41,102,0,8.404056474852002e-11,0.0001368036356782532,0
2025-07-16T17:06:41,100,0,2.6500966075004797e-10,0.00018077874023035483,0
2025-07-16T17:11:41,99,0,2.358149383777903e-10,0.00010384261970635134,0
2025-07-16T17:16:42,99,0,5.945348585827715e-11,0.0001010197447292904,0
2025-07-16T17:21:42,102,0,7.206848246024187e-13,2.9157941091594192e-05,0
2025-07-16T17:26:41,103,0,1.6472723841960123e-12,3.796921778936754e-05,0
2025-07-16T17:31:41,106,0,2.4664149986062053e-13,1.680997368325149e-06,0
2025-07-16T17:36:42,105,0,9.655962594361678e-12,1.199364273132757e-06,0
2025-07-16T17:41:42,104,0,8.076245382506386e-11,3.5255227418569816e-07,0
2025-07-16T17:46:41,105,0,3.863533873625015e-12,3.258676570537677e-07,0
2025-07-16T17:51:42,110,0,3.4024223435788365e-15,4.4423539434594715e-08,0
2025-07-16T17:56:41,116,0,2.047230706521684e-17,3.405798938323882e-09,0
2025-07-16T18:01:42,124,0,2.0579261358287968e-19,1.247511762585735e-11,0
2025-07-16T18:06:41,132,0,1.4364706185883437e-20,4.0654914331246286e-14,0
2025-07-16T18:11:42,139,0,1.3397622277249368e-20,2.984268655450969e-16,0
2025-07-16T18:16:42,146,0,3.597626032275355e-21,1.9896047711104985e-18,0
2025-07-16T18:21:42,149,0,1.635972494151517e-19,3.004018005400611e-19,0
2025-07-16T18:26:42,151,0,1.193379044463814e-18,2.5160274551432322e-20,0
2025-07-16T18:31:42,156,0,8.383900642777369e-21,1.7256588670576356e-21,0
2025-07-16T18:36:42,158,0,2.063006935350173e-20,1.994204081615788e-21,0
2025-07-16T18:41:42,161,0,1.4011956967615965e-20,1.1273987010983107e-21,0
2025-07-16T18:46:41,164,0,5.920623190261362e-21,1.3378422979943404e-21,0
2025-07-16T18:51:42,166,0,2.117763313510816e-20,2.3773341713498335e-21,0
2025-07-16T18:56:42,171,0,4.266407225628855e-22,1.7105489331366614e-21,0
2025-07-16T19:01:42,176,0,4.1274874522992503e-23,1.4373056551635557e-21,0
2025-07-16T19:06:42,176,0,1.5274212269512064e-20,6.694650453539347e-21,0
2025-07-16T19:11:42,175,0,6.652864499751911e-19,1.390263311214147e-20,0
2025-07-16T19:16:42,171,0,6.618886251170942e-17,3.8934896815436456e-19,0
2025-07-16T19:21:42,166,0,1.90974652836398e-15,3.6416501969466916e-17,0
2025-07-16T19:26:42,157,0,1.186430309846116e-12,2.1777111295492647e-14,0
2025-07-16T19:31:42,147,0,2.4330626293522336e-10,4.6453389224990686e-12,0
2025-07-16T19:36:42,138,0,9.284859790440141e-10,1.0838674933584185e-09,0
2025-07-16T19:41:42,130,0,1.3882050614325536e-09,8.831153828474756e-08,0
2025-07-16T19:46:42,122,0,8.580503983132391e-09,4.03745680651065e-06,0
2025-07-16T19:51:42,117,0,2.3547809566344264e-09,1.3112723455079662e-05,0
2025-07-16T19:56:42,117,0,4.606430311391413e-12,5.2278781240943444e-06,0
2025-07-16T20:01:41,124,0,6.566975828432961e-17,1.5636856991440816e-07,0
2025-07-16T20:06:42,131,0,9.013737162315263e-19,2.9742765881945035e-09,0
2025-07-16T20:11:42,138,0,4.640243152105237e-19,5.8862476843588254e-12,0
2025-07-16T20:16:42,145,0,1.3465460076602252e-19,1.605776116419711e-14,0
2025-07-16T20:21:42,147,0,1.7734291464934116e-17,9.115539258859092e-16,0
2025-07-16T20:26:42,150,0,1.0988682563943864e-17,6.404039684248767e-17,0
2025-07-16T20:31:42,153,0,8.873005851136022e-19,2.593084872612819e-17,0
2025-07-16T20:36:42,155,0,4.528027778447875e-19,7.509744841110495e-18,0
2025-07-16T20:41:42,153,0,3.707191155234691e-17,1.6661541940620823e-17,0
2025-07-16T20:46:41,153,0,2.375467691816455e-17,1.041538338244488e-17,0
2025-07-16T20:51:42,156,0,1.7356113850111767e-19,3.5158112390238586e-17,0
2025-07-16T20:56:42,160,0,6.189460963886583e-21,4.4123507695585347e-17,0
2025-07-16T21:01:42,166,0,1.4467540520834542e-22,6.843587043275419e-18,0
2025-07-16T21:06:42,168,0,7.204624495064442e-21,3.4280041908509786e-18,0
2025-07-16T21:11:42,172,0,2.9067385066072527e-21,1.8022980774211157e-19,0
2025-07-16T21:16:42,174,0,5.787057835197645e-21,3.0570381778926466e-19,0
2025-07-16T21:21:42,178,0,5.548944132091556e-22,8.348444256206604e-20,0
2025-07-16T21:26:42,183,0,1.3210474647408381e-23,3.833373479141458e-20,0
2025-07-16T21:31:42,188,0,2.1492092224311557e-24,1.9992406247790898e-21,0
2025-07-16T21:36:42,189,0,1.2824785240342749e-22,7.749720905146894e-22,0
2025-07-16T21:41:42,193,0,1.481464892043819e-23,5.414192988037981e-23,0
2025-07-16T21:46:42,195,0,1.813333300246324e-23,9.135506140418266e-23,0
2025-07-16T21:51:42,201,0,1.3336490263375802e-25,1.1093083914959774e-23,0
2025-07-16T21:56:42,203,0,7.977844049749077e-25,1.4181464088213676e-23,0
2025-07-16T22:01:42,202,0,3.009887103496745e-22,8.234349401529448e-24,0
2025-07-16T22:06:42,201,0,1.2370987012595483e-21,2.183537099971517e-23,0
2025-07-16T22:11:42,201,0,3.5892841903110813e-22,1.0312178144325037e-22,0
2025-07-16T22:16:42,196,0,1.165147811497666e-19,1.0874084587011838e-20,0
2025-07-16T22:21:42,191,0,3.9935783901761735e-18,1.6717986856116487e-19,0
2025-07-16T22:26:42,185,0,4.305732019177051e-17,7.234711730491047e-18,0
2025-07-16T22:31:42,173,0,9.673804538745058e-13,2.872220127470145e-15,0
2025-07-16T22:36:42,165,0,1.0392022045432747e-12,1.0129466797709708e-13,0
2025-07-16T22:41:42,162,0,1.3536178034730068e-15,2.8373187130560366e-12,0
2025-07-16T22:46:42,164,0,3.638776360082438e-19,3.9359774912937424e-12,0
2025-07-16T22:51:42,166,0,3.436835531296207e-20,1.3407420092906244e-12,0
2025-07-16T22:56:42,167,0,3.390590219998134e-19,4.213360435105425e-14,0
2025-07-16T23:01:42,167,0,4.5221001705255774e-18,4.3962951802183245e-15,0
2025-07-16T23:06:43,159,0,4.747611269346971e-13,2.0048093888439294e-14,0
2025-07-16T23:11:42,149,0,1.5602149760547896e-09,2.442724461210095e-13,0
2025-07-16T23:16:42,141,0,1.3214315050061853e-09,1.4938822365348164e-11,0
2025-07-16T23:21:42,134,0,3.293595626300619e-10,7.573121762674754e-10,0
2025-07-16T23:26:42,127,0,5.74456304231386e-10,2.623477484545651e-08,0
2025-07-16T23:31:42,121,0,1.2209957080513003e-09,1.850342510812433e-07,0
2025-07-16T23:36:43,115,0,7.366852843353873e-09,1.5296888587845261e-06,0
2025-07-16T23:41:42,112,0,1.0012535356807227e-09,4.188193895958991e-06,0
2025-07-16T23:46:42,110,0,2.0356440387284877e-10,1.3747589906382727e-05,0
2025-07-16T23:51:42,107,0,1.5208934782398204e-09,1.8626480538916033e-05,0
2025-07-16T23:56:42,104,0,7.26825584064327e-09,8.8444732468746e-06,0
2025-07-17T00:01:43,102,0,4.719178172826015e-09,3.545971458557896e-06,0
2025-07-17T00:06:44,100,0,4.202718209531752e-09,4.671585404646463e-06,0
2025-07-17T00:11:43,96,0,8.689828069398039e-08,1.9340231506891363e-05,0
2025-07-17T00:16:43,97,0,5.285974423844578e-10,9.383051283287355e-06,0
2025-07-17T00:21:43,98,0,2.578950347424798e-11,3.0144290234793374e-05,0
2025-07-17T00:26:43,99,0,1.5809967577419942e-11,1.6474106590856423e-05,0
2025-07-17T00:31:43,98,0,1.8733563587332588e-10,2.3943224068935218e-05,0
2025-07-17T00:36:43,96,0,3.345249819070507e-09,2.6592080603971714e-05,0
2025-07-17T00:41:43,95,0,1.5191491975465989e-09,5.801500922902885e-05,0
2025-07-17T00:46:43,97,0,1.2022370100117325e-11,4.0007949926823066e-05,0
2025-07-17T00:51:43,98,0,4.7585264272320595e-12,4.857941159983728e-05,0
2025-07-17T00:56:43,96,0,3.9892601024071705e-10,4.8347434338879285e-05,0
2025-07-17T01:01:43,98,0,1.0356960973091301e-11,3.226850919608265e-06,0
2025-07-17T01:06:43,102,0,5.809936879510473e-14,1.2422967123109673e-06,0
2025-07-17T01:11:44,110,0,2.7532909653213277e-17,3.294011105169588e-08,0
2025-07-17T01:16:43,118,0,5.654698668035554e-19,5.128199192368378e-10,0
2025-07-17T01:21:43,131,0,1.1084225349948928e-22,3.52087227137168e-14,0
2025-07-17T01:26:42,148,0,1.2538495661479424e-27,3.792303717831308e-19,0
2025-07-17T01:31:42,164,0,1.0320111331443691e-29,1.4680831904582536e-24,0
2025-07-17T01:36:42,175,0,4.303067185143864e-28,6.031465856736114e-29,0
2025-07-17T01:41:42,179,0,6.391259048211581e-24,5.381789301735007e-32,0
2025-07-17T01:46:42,177,0,1.101420948121547e-19,3.911916868085572e-33,0
2025-07-17T01:51:43,181,0,2.5800236960677693e-22,9.844741341129908e-34,0
2025-07-17T01:56:44,183,0,2.5529368134415837e-23,3.883608414424784e-32,0
2025-07-17T02:01:43,184,0,1.6991826761704596e-22,6.7370457832343045e-31,0
2025-07-17T02:06:43,183,0,5.593707557266428e-21,1.9623332289412904e-29,0
2025-07-17T02:11:43,181,0,2.823699677230365e-19,1.490687645273423e-27,0
2025-07-17T02:16:44,185,0,3.493327160814977e-22,9.91549660305585e-26,0
2025-07-17T02:21:44,189,0,1.0656080853263113e-23,1.0618436630629541e-23,0
2025-07-17T02:26:43,187,0,1.9841428275981157e-20,8.29631997651806e-22,0
2025-07-17T02:31:43,190,0,7.759094258654223e-22,7.854590690504026e-22,0
2025-07-17T02:36:44,197,0,1.173219961888964e-25,6.132644550547847e-22,0
2025-07-17T02:41:43,210,0,7.574121308934563e-31,3.078195472179178e-23,0
2025-07-17T02:46:43,225,0,1.3785118439537098e-34,7.532258645786881e-26,0
2025-07-17T02:51:44,230,0,3.37119426494472e-30,2.7381614475386742e-28,0
2025-07-17T02:56:43,228,0,2.7355896269592814e-24,4.944063315450516e-30,0
2025-07-17T03:01:43,227,0,1.9050891387085693e-23,1.6738972789847648e-30,0
2025-07-17T03:06:44,225,0,1.6211073967008315e-23,1.1377436856654328e-28,0
2025-07-17T03:11:43,226,0,1.6797313892082177e-25,2.1164266478546708e-27,0
2025-07-17T03:16:43,225,0,2.2419100037114593e-25,1.4698760468625204e-26,0
2025-07-17T03:21:43,222,0,1.640785347373018e-23,3.9051578729550205e-26,0
2025-07-17T03:26:43,216,0,6.899955802820175e-21,1.2990548837441468e-24,0
2025-07-17T03:31:43,211,0,4.994107217131873e-20,6.647247336409561e-23,0
2025-07-17T03:36:43,207,0,2.603045078787523e-20,1.0872087094988422e-20,0
2025-07-17T03:41:44,204,0,9.949028488919099e-21,2.1399984858600786e-19,0
2025-07-17T03:46:44,198,0,7.030486419163566e-19,4.063157987607486e-18,0
2025-07-17T03:51:44,191,0,7.116355155135312e-17,2.3454581733891235e-17,0
2025-07-17T03:56:44,184,0,7.199071080543758e-16,2.189920373414657e-16,0
2025-07-17T04:01:44,178,0,1.1531670066132863e-15,1.834657547375637e-15,0
2025-07-17T04:06:43,170,0,4.5097474889476667e-14,3.3658360737760304e-14,0
2025-07-17T04:11:44,164,0,7.289032745838077e-14,8.698641045999283e-14,0
2025-07-17T04:16:44,160,0,1.0032841870553132e-14,2.0073539497189776e-13,0
2025-07-17T04:21:43,156,0,1.4477050647240193e-14,3.8371203817811625e-13,0
2025-07-17T04:26:43,151,0,2.1364966321615212e-13,7.765789638866042e-13,0
2025-07-17T04:31:43,146,0,2.049061787656395e-12,1.3843931320158108e-12,0
2025-07-17T04:36:44,145,0,3.589127650175555e-14,1.4037743682856377e-12,0
2025-07-17T04:41:44,142,0,9.182806436654055e-14,9.142805157516753e-12,0
2025-07-17T04:46:44,140,0,1.3874145914980054e-13,8.253212581744384e-12,0
2025-07-17T04:51:44,139,0,3.9454099385511754e-14,1.1624793957266201e-11,0
2025-07-17T04:56:43,138,0,3.252655922286777e-14,1.2724976486798299e-11,0
2025-07-17T05:01:44,137,0,3.054152645703656e-14,3.036765857153253e-11,0
2025-07-17T05:06:44,135,0,1.5023912143808925e-13,8.59630021509792e-11,0
2025-07-17T05:11:44,135,0,2.3021869309518835e-14,9.991866910848048e-11,0
2025-07-17T05:16:43,134,0,2.5292834004897374e-14,2.948960912406108e-10,0
2025-07-17T05:21:43,132,0,1.6742541902540278e-13,5.021973016389036e-10,0
2025-07-17T05:26:43,131,0,1.0843268752659097e-13,9.155362878178258e-10,0
2025-07-17T05:31:44,129,0,3.155634045320982e-13,2.3173302932443332e-09,0
2025-07-17T05:36:43,127,0,7.030522121686277e-13,5.700622013840896e-09,0
2025-07-17T05:41:44,126,0,2.756086111644681e-13,1.1529699153120624e-08,0
2025-07-17T05:46:44,124,0,9.092515686778999e-13,3.1293338447731805e-08,0
2025-07-17T05:51:44,122,0,2.442969841912056e-12,5.897788584146058e-08,0
2025-07-17T05:56:43,119,0,1.6149203261472424e-11,1.7423648191844237e-07,0
2025-07-17T06:01:44,117,0,1.5895371451237113e-11,3.6592807790765415e-07,0
2025-07-17T06:06:44,117,0,9.537552622971136e-13,5.50025218540154e-07,0
2025-07-17T06:11:44,115,0,5.7745489871555884e-12,1.3429176591467689e-06,0
2025-07-17T06:16:43,112,0,1.1754744113021003e-10,2.228539526309841e-06,0
2025-07-17T06:21:43,111,0,2.944959278115488e-11,1.95083389073264e-06,0
2025-07-17T06:26:43,113,0,2.2378413816367206e-13,1.02270485176416e-06,0
2025-07-17T06:31:44,113,0,4.437422999247481e-13,1.7382923283302785e-06,0
2025-07-17T06:36:44,113,0,1.4081878334147378e-12,4.874490829137163e-07,0
2025-07-17T06:41:43,112,0,6.8032132192815755e-12,3.497301980408365e-07,0
2025-07-17T06:46:44,112,0,3.292799741344605e-12,1.742660907302856e-07,0
2025-07-17T06:51:44,112,0,1.3586917186565962e-12,2.832287188497759e-07,0
2025-07-17T06:56:44,112,0,1.345086922060346e-12,3.0724851347875404e-07,0
2025-07-17T07:01:44,113,0,2.931369889159027e-13,1.4886571389545345e-07,0
2025-07-17T07:06:44,115,0,3.136323297942069e-14,3.3894584860468604e-08,0
2025-07-17T07:11:44,115,0,1.7750009788321958e-13,2.71696120727556e-08,0
2025-07-17T07:16:44,117,0,3.725560423158812e-14,7.794036009085858e-09,0
2025-07-17T07:21:44,119,0,8.438260559936161e-15,3.869349313575548e-09,0
2025-07-17T07:26:44,120,0,1.9844146913341486e-14,1.8593907556564428e-09,0
2025-07-17T07:31:44,121,0,2.05305115821123e-14,7.670655887111918e-10,0
2025-07-17T07:36:44,122,0,1.6682146576448507e-14,3.7108298343375697e-10,0
2025-07-17T07:41:44,121,0,1.734129729020912e-13,6.981124000912026e-10,0
2025-07-17T07:46:44,120,0,5.00920766495297e-13,1.0132082980862421e-09,0
2025-07-17T07:51:44,119,0,5.982224014307628e-13,2.966199815903326e-09,0
2025-07-17T07:56:44,116,0,1.2124258277656327e-11,2.6851393235872083e-08,0
2025-07-17T08:01:44,114,0,1.485258983652493e-11,8.022449437823468e-08,0
2025-07-17T08:06:43,112,0,1.6866345224835137e-11,5.180925359225668e-07,0
2025-07-17T08:11:44,110,0,3.238139131408795e-11,2.2746115585633057e-06,0
2025-07-17T08:16:43,110,0,3.6850653286848436e-12,3.3137491244920605e-06,0
2025-07-17T08:21:44,108,0,2.958480213132535e-11,1.0513569193424258e-05,0
2025-07-17T08:26:44,107,0,4.322731702221252e-11,9.574491779970745e-06,0
2025-07-17T08:31:44,107,0,9.289544747283683e-12,9.316523653537906e-06,0
2025-07-17T08:36:44,107,0,6.4297220210162474e-12,7.388924045690852e-06,0
2025-07-17T08:41:44,107,0,6.080240957340778e-12,6.1938947493287864e-06,0
2025-07-17T08:46:44,109,0,3.958861962959335e-13,1.0460405614676982e-06,0
2025-07-17T08:51:44,113,0,5.487003312146083e-15,1.2740865143082383e-07,0
2025-07-17T08:56:44,115,0,1.1147184837740575e-14,3.1084942436125616e-08,0
2025-07-17T09:01:44,118,0,4.536506654587741e-15,1.7080815730994432e-09,0
2025-07-17T09:06:44,116,0,1.4247965108803018e-12,3.456065463675901e-09,0
2025-07-17T09:11:44,117,0,3.3669319869189957e-13,5.824032825105643e-10,0
2025-07-17T09:16:44,120,0,2.0696731923218292e-15,5.143137658018981e-10,0
2025-07-17T09:21:44,125,0,1.9115842377539556e-17,6.151247472361166e-11,0
2025-07-17T09:26:44,126,0,4.248197423226265e-16,4.019802478413786e-11,0
2025-07-17T09:31:44,126,0,1.4467714127733e-14,5.058496071580754e-12,0
2025-07-17T09:36:44,125,0,1.054942732129135e-13,1.026940512201143e-11,0
2025-07-17T09:41:44,124,0,2.2062698962354463e-13,5.860659202511597e-11,0
2025-07-17T09:46:44,123,0,1.8318613498963058e-13,4.652358875985698e-10,0
2025-07-17T09:51:44,122,0,2.4819868348870373e-13,2.1003487994005175e-09,0
2025-07-17T09:56:44,119,0,4.163444509901486e-12,8.236437298944578e-09,0
2025-07-17T10:01:44,114,0,4.2160347045254645e-10,8.912156627198806e-08,0
2025-07-17T10:06:44,112,0,7.372855289802703e-11,4.6753459352005636e-07,0
2025-07-17T10:11:44,111,0,8.509939674058293e-12,5.5162810027913375e-06,0
2025-07-17T10:16:44,110,0,7.269744552878876e-12,1.374886887157401e-05,0
2025-07-17T10:21:44,109,0,1.2449576353853354e-11,1.4052105388445e-05,0
2025-07-17T10:26:44,111,0,4.012761721388884e-13,2.2494113681319484e-06,0
2025-07-17T10:31:44,111,0,9.999639719142692e-13,2.344308357196556e-06,0
2025-07-17T10:36:44,114,0,4.8911422855797646e-14,2.0935205413304928e-07,0
2025-07-17T10:41:44,113,0,1.3840981111267613e-12,3.6075809937066336e-07,0
2025-07-17T10:46:44,109,0,8.299418052870667e-10,3.835449326658529e-07,0
2025-07-17T10:51:44,105,0,5.588253032954474e-09,1.3765804276822619e-06,0
2025-07-17T10:56:44,104,0,1.800615775868972e-10,3.7877194479121042e-06,0
2025-07-17T11:01:44,107,0,1.191869264524697e-13,5.038299379971763e-06,0
2025-07-17T11:06:44,116,0,1.8926063883121522e-18,1.0567427138942553e-07,0
2025-07-17T11:11:44,131,0,4.063693129284979e-24,2.7948068196303912e-11,0
2025-07-17T11:16:44,147,0,3.503974407139037e-27,1.2980300387295479e-15,0
2025-07-17T11:21:44,162,0,3.7654361332168023e-28,6.912768302843335e-21,0
2025-07-17T11:26:44,170,0,5.454499704819541e-25,2.2820264661912287e-24,0
2025-07-17T11:31:44,173,0,1.815217627273678e-21,5.5351943243340115e-27,0
2025-07-17T11:36:45,175,0,8.53332357468838e-21,2.07097056116507e-28,0
2025-07-17T11:41:44,173,0,3.054917028528776e-19,5.206202043505649e-28,0
2025-07-17T11:46:44,172,0,1.8786109936739882e-19,2.057378520262795e-27,0
2025-07-17T11:51:45,172,0,2.1543818709763132e-20,3.0986568031686877e-26,0
2025-07-17T11:56:44,172,0,2.459911822507381e-20,9.093542766056747e-25,0
2025-07-17T12:01:44,171,0,2.8406086124070083e-19,9.482857091770994e-23,0
2025-07-17T12:06:44,170,0,1.9726228411617872e-18,4.211801121381674e-21,0
2025-07-17T12:11:44,166,0,2.9644185551023795e-16,1.1571433560064627e-18,0
2025-07-17T12:16:44,161,0,1.3427040911160524e-14,1.875835343434152e-16,0
2025-07-17T12:21:44,157,0,1.2911664565073432e-14,2.6472791127945412e-14,0
2025-07-17T12:26:44,154,0,4.036399267220023e-15,1.6654792824784764e-12,0
2025-07-17T12:31:44,149,0,5.94656324999525e-14,4.7568959606288315e-11,0
2025-07-17T12:36:44,143,0,2.58086061496613e-12,3.0611259577882924e-10,0
2025-07-17T12:41:45,138,0,6.384895719012383e-12,1.375689143044156e-09,0
2025-07-17T12:46:44,135,0,1.0425435758916593e-12,5.2297220174404e-09,0
2025-07-17T12:51:44,132,0,8.965053805897602e-13,2.146624875093963e-08,0
2025-07-17T12:56:45,131,0,1.786049556347734e-13,1.5976633111364474e-08,0
2025-07-17T13:01:44,128,0,1.9431827739998476e-12,2.24550544115187e-08,0
2025-07-17T13:06:44,125,0,1.462317833068892e-11,1.4061005650922432e-08,0
2025-07-17T13:11:44,121,0,1.2315667800114446e-10,4.597648911450709e-08,0
2025-07-17T13:16:43,117,0,5.628201677530209e-10,1.624800161819061e-07,0
2025-07-17T13:21:43,114,0,2.8322391058980317e-10,7.218327443576373e-07,0
2025-07-17T13:26:43,110,0,1.24287888027529e-09,3.857200807356843e-06,0
2025-07-17T13:31:43,106,0,5.11508693665788e-09,1.3924842175350076e-05,0
2025-07-17T13:36:43,103,0,3.837409941765141e-09,4.5959004927024695e-05,0
2025-07-17T13:41:43,101,0,1.3772838636864181e-09,0.00011622883422556632,0
2025-07-17T13:46:44,100,0,3.9133400625918157e-10,0.0002614660363141295,0
2025-07-17T13:51:43,98,0,1.4473237528447226e-09,0.000469387702780275,0
2025-07-17T13:56:43,97,0,1.2206730030554245e-09,0.0003119494300102379,0
2025-07-17T14:01:43,96,0,9.785324487387933e-10,0.0003378393521707337,0
2025-07-17T14:06:44,95,0,1.1832673717404257e-09,0.00031472276010206075,0
2025-07-17T14:11:43,95,0,3.3603920315740507e-10,0.00025969182463189645,0
2025-07-17T14:16:43,97,0,1.1588548296234192e-11,7.337380469398163e-05,0
2025-07-17T14:21:44,105,0,5.130115806315897e-16,1.2048686096685397e-06,0
2025-07-17T14:26:44,116,0,4.914005205419769e-20,4.414015771593631e-09,0
2025-07-17T14:31:44,124,0,5.4640939729108e-20,1.0807017954904742e-11,0
2025-07-17T14:36:44,140,0,6.765629213870787e-25,8.015776406885966e-17,0
2025-07-17T14:41:44,156,0,2.2249769257992414e-28,1.7216406089080583e-21,0
2025-07-17T14:46:44,173,0,8.465290958249613e-31,1.5777193058590749e-27,0
2025-07-17T14:51:44,185,0,5.0305904324871285e-30,1.6299862746648046e-32,0
2025-07-17T14:56:44,198,0,7.562140530376882e-31,9.731560704639268e-39,0
2025-07-17T15:01:44,209,0,1.2646106844821315e-31,5.2354559869487196e-43,0
2025-07-17T15:06:43,216,0,3.676041468227811e-30,4.505403006980786e-46,0
2025-07-17T15:11:44,220,0,4.0191880735786525e-28,9.502933648780496e-47,0
2025-07-17T15:16:43,220,0,3.5186051481131654e-25,1.2782435927701487e-45,0
2025-07-17T15:21:44,218,0,3.0000396140631605e-23,1.085850503734036e-43,0
2025-07-17T15:26:44,216,0,1.5440437595230568e-22,5.361434654210732e-40,0
2025-07-17T15:31:43,213,0,9.546494760703631e-22,7.905248818584545e-36,0
2025-07-17T15:36:44,212,0,2.0068391361529725e-22,4.744504686758202e-32,0
2025-07-17T15:41:44,211,0,8.676910379765369e-23,9.905005508464927e-29,0
2025-07-17T15:46:44,211,0,3.5081753154394213e-23,2.9812579599751774e-26,0
2025-07-17T15:51:43,211,0,2.359808727062088e-23,6.103321430559626e-24,0
2025-07-17T15:56:43,210,0,1.1095413844885518e-22,2.2017383124415594e-22,0
2025-07-17T16:01:44,208,0,8.655037891747898e-22,3.804969212008073e-21,0
2025-07-17T16:06:43,207,0,5.338455600918908e-22,1.425800437703339e-20,0
2025-07-17T16:11:43,207,0,8.50934263876274e-23,3.5271502392308364e-20,0
2025-07-17T16:16:43,208,0,1.188122105515266e-23,3.2527112270430237e-20,0
2025-07-17T16:21:44,214,0,6.809858847010453e-27,2.260204320883234e-21,0
2025-07-17T16:26:43,220,0,1.9540092540953399e-28,2.0388288040040793e-22,0
2025-07-17T16:31:43,218,0,3.526719106002922e-24,9.475966675550596e-23,0
2025-07-17T16:36:43,212,0,7.867282626913148e-20,1.0053460479400168e-22,0
2025-07-17T16:41:43,205,0,6.718745323650711e-18,1.6798433167382025e-21,0
2025-07-17T16:46:44,197,0,7.957817871407654e-17,2.9984465054278187e-19,0
2025-07-17T16:51:43,189,0,2.897611253884548e-16,5.02345176144191e-17,0
2025-07-17T16:56:44,183,0,1.0417558758561041e-16,1.1261855929693074e-15,0
2025-07-17T17:01:43,178,0,5.640808498303227e-17,1.0067621300416579e-14,0
2025-07-17T17:06:44,181,0,3.776804678784379e-21,2.509131605869274e-15,0
2025-07-17T17:11:44,178,0,3.127336269292578e-19,1.6364295540403375e-14,0
2025-07-17T17:16:43,164,0,1.1533673634509595e-10,1.2307579166318852e-13,0
2025-07-17T17:21:43,153,0,1.8171835557256702e-08,2.704842387090394e-13,0
2025-07-17T17:26:44,149,0,3.5924684236172867e-12,2.4653334772281285e-12,0
2025-07-17T17:31:44,151,0,3.588860193117147e-17,1.2662722692168359e-11,0
2025-07-17T17:36:45,154,0,3.0495574915101527e-19,4.01539277052432e-12,0
2025-07-17T17:41:45,158,0,8.950679633837646e-20,2.957222033341792e-14,0
2025-07-17T17:46:45,159,0,3.4173703827845688e-18,2.398324806663166e-15,0
2025-07-17T17:51:45,157,0,8.995350814441197e-16,1.5086613153642393e-15,0
2025-07-17T17:56:45,155,0,5.059513103480368e-15,1.1151388698012034e-14,0
2025-07-17T18:01:45,149,0,9.788196215096109e-13,5.972231219460364e-13,0
2025-07-17T18:06:45,146,0,1.4905975553890948e-13,1.6704380388857704e-12,0
2025-07-17T18:11:45,142,0,1.1059482028107813e-13,2.1902326956602715e-11,0
2025-07-17T18:16:45,138,0,4.111547081375389e-13,9.725932186442886e-11,0
2025-07-17T18:21:45,133,0,4.7888929481762334e-12,1.7033943560060612e-09,0
2025-07-17T18:26:45,130,0,2.964014306669354e-12,7.261549906113565e-09,0
2025-07-17T18:31:45,128,0,7.33982790687687e-13,7.439885890146522e-08,0
2025-07-17T18:36:45,127,0,2.616162766110028e-13,1.1863811349217276e-07,0
2025-07-17T18:41:45,126,0,2.72340812166591e-13,9.612757286706874e-08,0
2025-07-17T18:46:45,124,0,2.1124678574407277e-12,6.715136526940397e-08,0
2025-07-17T18:51:45,122,0,5.863868031050703e-12,4.020508080936276e-08,0
2025-07-17T18:56:45,121,0,2.4343972511643826e-12,4.149654977783973e-08,0
2025-07-17T19:01:45,125,0,1.6739758747454916e-15,7.989204818734276e-09,0
2025-07-17T19:06:45,139,0,5.095115795755457e-23,2.928913801736242e-11,0
2025-07-17T19:11:45,157,0,5.683597852756909e-29,4.647741735864234e-15,0
2025-07-17T19:16:45,172,0,1.203272773565077e-29,8.47403343281054e-20,0
2025-07-17T19:21:45,180,0,4.7684175313768656e-26,4.6161895880980935e-24,0
2025-07-17T19:26:45,188,0,2.888587151442605e-25,5.339561523994671e-28,0
2025-07-17T19:31:45,191,0,1.3939347952907755e-23,4.1760114884988225e-29,0
2025-07-17T19:36:45,194,0,1.5930878282714687e-23,2.953414974736139e-30,0
2025-07-17T19:41:45,193,0,4.0545225825290944e-22,6.707706012361766e-30,0
2025-07-17T19:46:45,192,0,1.756014089334451e-21,5.2583710001060545e-30,0
2025-07-17T19:51:45,188,0,8.529972600750702e-20,4.674390698374823e-28,0
2025-07-17T19:56:45,186,0,1.3575133479336137e-19,5.431535385503525e-26,0
2025-07-17T20:01:45,183,0,5.809793029731007e-19,5.833665313730931e-23,0
2025-07-17T20:06:45,179,0,1.4024969271400404e-17,1.118411879703854e-20,0
2025-07-17T20:11:45,171,0,1.448199845399601e-14,6.936517243558759e-18,0
2025-07-17T20:16:44,164,0,2.211782463518424e-13,1.4701499946204526e-15,0
2025-07-17T20:21:44,150,0,7.055889991085199e-09,1.0525397327236544e-11,0
2025-07-17T20:26:44,138,0,3.838686851234813e-07,1.5274180879766538e-09,0
2025-07-17T20:31:44,120,0,0.007822631630681457,2.535995466751709e-06,0
2025-07-17T20:36:44,105,0,0.24243184768348633,2.5678408778188576e-05,0
2025-07-17T20:41:44,100,0,3.977854158225588e-06,0.00010707248470708254,0
2025-07-17T20:46:44,99,0,1.3020826985345494e-09,6.28627145571443e-05,0
2025-07-17T20:51:44,92,0,2.9282192277508246e-06,4.271020761290128e-05,0
2025-07-17T20:56:44,64,1,0.9999999998530855,1.255410940558467e-13,1
2025-07-17T21:01:44,59,0,0.9999376750203942,1.953797666824381e-10,1
2025-07-17T21:06:44,59,0,0.00041091919464415863,0.001547194697204071,0
2025-07-17T21:11:44,77,0,4.377457380875509e-16,5.793631151278406e-06,0
2025-07-17T21:16:44,105,0,9.296111637375975e-28,8.358264477765824e-10,0
2025-07-17T21:21:45,128,0,7.317887338287936e-29,2.6133797142232295e-17,0
2025-07-17T21:26:44,137,0,7.035936936995786e-22,1.609975720377763e-22,0
2025-07-17T21:31:44,137,0,2.0416635677188673e-14,5.607608931113608e-25,0
2025-07-17T21:36:44,136,0,1.0021042369565784e-12,6.344568875321772e-24,0
2025-07-17T21:41:44,126,0,1.162054059545829e-08,7.856763170853686e-20,0
2025-07-17T21:46:44,98,0,0.9995609069430759,3.3686962287242265e-19,1
2025-07-17T21:51:44,87,0,0.16869456944968772,2.4620569179600583e-13,0
2025-07-17T21:56:45,73,0,0.03899422478545259,4.750633347181271e-06,0
2025-07-17T22:01:44,72,0,6.995196144359873e-07,0.011105185752102464,0
2025-07-17T22:06:44,86,0,1.5969189799584394e-17,0.029199366639228827,0
2025-07-17T22:11:44,104,0,8.731652996385405e-23,7.479011934426034e-06,0
2025-07-17T22:16:44,121,0,5.274901424641999e-24,2.2130770002082655e-10,0
2025-07-17T22:21:45,130,0,7.13246712638801e-20,1.3630854229371292e-14,0
2025-07-17T22:26:45,121,0,3.781612815554251e-08,2.595512003465157e-14,0
2025-07-17T22:31:45,119,0,2.573425224514356e-08,6.620705409975022e-15,0
2025-07-17T22:36:45,124,0,9.794728388492914e-16,1.0087366429693398e-15,0
2025-07-17T22:41:44,130,0,8.346521824701098e-20,1.4489968559014917e-16,0
2025-07-17T22:46:44,133,0,3.073814550633694e-20,1.8116409964794603e-19,0
2025-07-17T22:51:44,140,0,5.301970001939099e-22,5.670474534130746e-23,0
2025-07-17T22:56:44,147,0,1.9452071954002228e-22,3.351823842382415e-22,0
2025-07-17T23:01:44,153,0,1.1533035975403965e-21,1.48461650361759e-21,0
2025-07-17T23:06:44,155,0,4.157046621647791e-19,1.0299526669941021e-20,0
2025-07-17T23:11:44,155,0,5.298541272528489e-17,1.7635758977892142e-20,0
2025-07-17T23:16:45,153,0,4.681642881820552e-16,6.459682895699596e-20,0
2025-07-17T23:21:45,154,0,9.854380073122278e-18,7.233809763910633e-19,0
2025-07-17T23:26:45,157,0,6.748961783132791e-20,1.743526724677485e-17,0
2025-07-17T23:31:44,158,0,2.3206817750562025e-19,1.1199823822601632e-16,0
2025-07-17T23:36:44,152,0,9.861614005393024e-15,1.5052577127115782e-15,0
2025-07-17T23:41:44,143,0,1.5598124523037689e-10,6.417124418746801e-14,0
2025-07-17T23:46:44,128,0,2.0904490173455162e-05,4.156830520347484e-10,0
2025-07-17T23:51:44,124,0,2.56737280576318e-09,3.014061946686253e-08,0
2025-07-17T23:56:44,123,0,2.606457878938735e-13,6.91512405939746e-06,0
2025-07-18T00:01:45,122,0,1.2599697105176148e-13,9.399718983496304e-06,0
2025-07-18T00:06:46,127,0,1.0486300409771463e-16,1.7748490703295237e-07,0
2025-07-18T00:11:45,134,0,5.685435351536809e-19,1.4985590198990554e-09,0
2025-07-18T00:16:46,140,0,3.50613743461759e-19,3.517027465000318e-11,0
2025-07-18T00:21:46,143,0,1.2996212962367013e-17,1.994590615304805e-12,0
2025-07-18T00:26:45,144,0,4.552464868559846e-16,1.1193899074103914e-13,0
2025-07-18T00:31:46,143,0,5.995252558045872e-15,6.261361855846182e-14,0
2025-07-18T00:36:45,143,0,9.932512625336334e-16,1.505228234271629e-14,0
2025-07-18T00:41:45,141,0,3.542140774779136e-15,9.38607099906574e-14,0
2025-07-18T00:46:46,138,0,3.992894062202724e-14,5.540756202763295e-13,0
2025-07-18T00:51:46,138,0,1.6163181420184189e-15,1.0543970735836058e-12,0
2025-07-18T00:56:45,138,0,5.049097532494441e-16,7.468378816082587e-12,0
2025-07-18T01:01:45,139,0,1.987600211351365e-16,1.5865526284643536e-11,0
2025-07-18T01:06:45,140,0,1.6772256788663724e-16,2.05100667220165e-11,0
2025-07-18T01:11:46,141,0,2.2138151644990584e-16,1.042129741533375e-11,0
2025-07-18T01:16:46,141,0,7.389716038729711e-16,1.1411858351758727e-11,0
2025-07-18T01:21:45,143,0,7.513120295038174e-17,3.6347837713772803e-12,0
2025-07-18T01:26:45,142,0,9.381435314273068e-16,1.0096865934533183e-11,0
2025-07-18T01:31:45,143,0,2.916448207620339e-16,2.6818709391301944e-12,0
2025-07-18T01:36:45,146,0,4.02528595284728e-18,8.666326828442417e-13,0
2025-07-18T01:41:45,149,0,7.68919914145206e-19,2.3207175051834027e-13,0
2025-07-18T01:46:46,155,0,5.6720657783414316e-21,1.1101093626529287e-14,0
2025-07-18T01:51:46,162,0,1.0913209060493246e-22,2.9175419103056753e-16,0
2025-07-18T01:56:46,170,0,4.156149534937007e-24,2.3564099309354633e-18,0
2025-07-18T02:01:46,178,0,4.269283327790777e-25,1.7762150895876103e-20,0
2025-07-18T02:06:45,186,0,7.165694484516076e-26,6.411519179432416e-23,0
2025-07-18T02:11:46,190,0,2.411534935749251e-24,3.521457286603061e-24,0
2025-07-18T02:16:45,193,0,1.7549291655097274e-23,1.3392308593556292e-25,0
2025-07-18T02:21:45,193,0,4.912823003927728e-22,1.5283446295481214e-25,0
2025-07-18T02:26:45,192,0,5.171274813498592e-21,5.004337826081316e-25,0
2025-07-18T02:31:46,190,0,2.1752199610642357e-20,8.170122683726615e-24,0
2025-07-18T02:36:46,183,0,4.535000798871151e-17,1.5706419107782896e-21,0
2025-07-18T02:41:46,179,0,4.1521577357007196e-17,5.899057701147512e-20,0
2025-07-18T02:46:45,176,0,6.2785709029762764e-18,8.338187138629169e-18,0
2025-07-18T02:51:46,174,0,2.404423287836198e-18,2.4521815181568486e-16,0
2025-07-18T02:56:45,177,0,3.638824242130947e-21,5.49161531645713e-16,0
2025-07-18T03:01:46,180,0,3.3520194780571526e-22,3.966829227866791e-16,0
2025-07-18T03:06:46,183,0,3.138286152049523e-22,6.761344821129709e-17,0
2025-07-18T03:11:46,186,0,2.410122945125116e-22,8.39825736623405e-18,0
2025-07-18T03:16:45,185,0,3.682936426141127e-20,4.727655123702272e-18,0
2025-07-18T03:21:46,180,0,5.599127453637022e-17,1.6000135761486438e-17,0
2025-07-18T03:26:45,174,0,2.529172885394595e-15,1.0400197951169426e-16,0
2025-07-18T03:31:46,174,0,2.3366018275491865e-18,2.946136497623813e-16,0
2025-07-18T03:36:45,173,0,2.364210145784263e-19,4.5740028294891684e-15,0
2025-07-18T03:41:46,167,0,4.4311249459366303e-16,3.05556310297002e-14,0
2025-07-18T03:46:45,158,0,2.2748906970826937e-12,3.4871603266636866e-13,0
2025-07-18T03:51:46,155,0,3.816058028896162e-14,1.0039436942921718e-12,0
2025-07-18T03:56:46,154,0,2.0927806177374726e-16,2.2947915879265378e-11,0
2025-07-18T04:01:46,153,0,1.1133056945288059e-16,7.029775531220223e-11,0
2025-07-18T04:06:46,153,0,6.559341080821532e-17,1.9990071683374106e-11,0
2025-07-18T04:11:46,153,0,8.728216387774186e-17,2.596193366345308e-12,0
2025-07-18T04:16:45,152,0,3.8038691319449536e-16,1.0457065547330158e-12,0
2025-07-18T04:21:45,155,0,3.773258654245189e-18,2.278409847766224e-13,0
2025-07-18T04:26:46,158,0,2.670009284930433e-19,1.2766316757706705e-13,0
2025-07-18T04:31:45,159,0,1.6980341843363684e-18,3.3365620750087244e-14,0
2025-07-18T04:36:46,161,0,6.444256200917069e-19,2.915738533555569e-15,0
2025-07-18T04:41:46,163,0,2.370425210959918e-19,8.495786949758952e-16,0
2025-07-18T04:46:46,162,0,6.503428148821199e-18,1.528640405006667e-15,0
2025-07-18T04:51:45,157,0,6.138389628271887e-15,1.0479184889399293e-14,0
2025-07-18T04:56:45,157,0,1.289681560696606e-16,1.1120274285810837e-14,0
2025-07-18T05:01:45,158,0,1.8393954762145398e-18,6.410188449860832e-14,0
2025-07-18T05:06:45,157,0,1.0441624247617914e-17,1.427888259080357e-13,0
2025-07-18T05:11:45,154,0,7.324915151699326e-16,3.953482900202493e-13,0
2025-07-18T05:16:45,150,0,2.9444799729662315e-14,1.1331164323545126e-12,0
2025-07-18T05:21:45,146,0,1.1399131400294098e-13,1.0692611760595393e-11,0
2025-07-18T05:26:45,142,0,2.443020794402029e-13,1.786659782103383e-10,0
2025-07-18T05:31:44,140,0,4.248726523980986e-14,8.410686885997103e-10,0
2025-07-18T05:36:44,139,0,7.451330663235227e-15,1.6601627158890442e-09,0
2025-07-18T05:41:45,136,0,1.0381535627380028e-13,2.2017557291905184e-09,0
2025-07-18T05:46:45,132,0,3.3353533786371885e-12,4.064704861056743e-09,0
2025-07-18T05:51:45,127,0,8.01303041405246e-11,2.0670138028754635e-08,0
2025-07-18T05:56:45,124,0,2.8828283876449603e-11,6.886857641109995e-08,0
2025-07-18T06:01:45,121,0,1.800503724929287e-11,4.5504004854774433e-07,0
2025-07-18T06:06:45,120,0,2.4942234116509914e-12,4.3953873943681326e-07,0
2025-07-18T06:11:45,121,0,8.881775122691908e-14,1.965273277046784e-07,0
2025-07-18T06:16:45,118,0,8.618795957643951e-12,2.7752191997764785e-07,0
2025-07-18T06:21:45,116,0,4.13527235630151e-11,1.5942698191975782e-07,0
2025-07-18T06:26:45,111,0,2.870766855924319e-09,1.746088228765348e-06,0
2025-07-18T06:31:45,108,0,2.3707026240885116e-09,4.352413859038738e-06,0
2025-07-18T06:36:44,109,0,4.484864032624693e-12,9.154354278404841e-06,0
2025-07-18T06:41:45,108,0,7.178391766305815e-12,1.569123930608381e-05,0
2025-07-18T06:46:45,107,0,2.6542534081426382e-11,7.889458199891108e-06,0
2025-07-18T06:51:45,105,0,1.8480844505346798e-10,7.088671671083228e-06,0
2025-07-18T06:56:45,100,0,3.845539031715478e-08,4.2896162218737694e-05,0
2025-07-18T07:01:45,96,0,1.264733501208562e-07,0.0004130582112332111,0
2025-07-18T07:06:45,94,0,1.0258593318702797e-08,0.0019269206754552867,0
2025-07-18T07:11:45,94,0,3.39423000284326e-10,0.00365243533996275,0
2025-07-18T07:16:45,96,0,6.8166880016050646e-12,0.0009643740450735388,0
2025-07-18T07:21:45,97,0,8.635270613537007e-12,0.00019790397531806416,0
2025-07-18T07:26:45,97,0,7.691539484627185e-11,7.01298481501018e-05,0
2025-07-18T07:31:46,96,0,5.961975701982995e-10,5.5654586087034745e-05,0
2025-07-18T07:36:46,97,0,7.208727823551724e-11,2.985280528165538e-05,0
2025-07-18T07:41:46,99,0,3.4456561499832826e-12,2.1859169736086255e-05,0
2025-07-18T07:46:46,103,0,4.9395891659952556e-14,1.3676226750454692e-06,0
2025-07-18T07:51:46,106,0,2.0043756885288913e-14,1.0756414704081803e-07,0
2025-07-18T07:56:46,109,0,1.607301381102175e-14,4.433155027577186e-09,0
2025-07-18T08:01:47,114,0,4.539589319509838e-16,1.981696686603915e-10,0
2025-07-18T08:06:46,118,0,2.0810468760984327e-16,3.59110014482671e-11,0
2025-07-18T08:11:46,121,0,4.3510346454858024e-16,4.973576485384529e-12,0
2025-07-18T08:16:46,124,0,2.862681747823109e-16,5.137166407903291e-13,0
2025-07-18T08:21:46,122,0,1.0462873693157884e-13,8.386512760551025e-13,0
2025-07-18T08:26:46,119,0,6.090635476246418e-12,3.483373547351222e-12,0
2025-07-18T08:31:46,119,0,2.4143412388387453e-13,1.7457332684692317e-11,0
2025-07-18T08:36:46,123,0,1.9647222451750847e-16,3.1339728608095426e-11,0
2025-07-18T08:41:46,124,0,5.961182687328707e-16,1.181286707229885e-10,0
2025-07-18T08:46:46,124,0,1.4971135721499346e-14,4.967664417904033e-11,0
2025-07-18T08:51:46,123,0,2.0216850856773423e-13,1.1029267109311849e-10,0
2025-07-18T08:56:46,122,0,5.465059383534631e-13,4.248562066474727e-10,0
2025-07-18T09:01:46,122,0,1.3011538879187574e-13,2.4617467919656124e-09,0
2025-07-18T09:06:46,124,0,5.168350105066109e-15,3.3219189305056675e-09,0
2025-07-18T09:11:46,127,0,2.576204013186326e-16,8.774659796740865e-10,0
2025-07-18T09:16:46,131,0,1.83760946073433e-17,5.1884544308668525e-11,0
2025-07-18T09:21:46,135,0,5.2669930933102505e-18,3.812998623635061e-12,0
2025-07-18T09:26:46,139,0,3.1405868584191646e-18,4.782694847163838e-13,0
2025-07-18T09:31:46,143,0,1.2288049739503176e-18,4.590275901724288e-14,0
2025-07-18T09:36:46,145,0,6.336695993989951e-18,1.0746421105921088e-14,0
2025-07-18T09:41:46,147,0,7.552986413536125e-18,1.936032446768998e-15,0
2025-07-18T09:46:46,148,0,1.2161574066034021e-17,1.1894995667253877e-15,0
2025-07-18T09:51:46,150,0,2.798273691216124e-18,5.100151810197602e-16,0
2025-07-18T09:56:46,150,0,1.3182258633497195e-17,1.3412814773233335e-15,0
2025-07-18T10:01:46,151,0,9.830446506167339e-18,1.0284673899957082e-15,0
2025-07-18T10:06:46,151,0,2.000159500118288e-17,3.5564154015571084e-15,0
2025-07-18T10:11:46,149,0,6.121844145510565e-16,1.6807157033846018e-14,0
2025-07-18T10:16:47,147,0,2.6480274343877412e-15,1.1067326811990113e-13,0
2025-07-18T10:21:46,145,0,4.7654381229323395e-15,1.0130008272679227e-12,0
2025-07-18T10:26:46,143,0,6.814310443413508e-15,7.995170275139373e-12,0
2025-07-18T10:31:47,142,0,2.769892736586283e-15,3.13845228643611e-11,0
2025-07-18T10:36:46,139,0,3.915095930275892e-14,1.779574597585244e-10,0
2025-07-18T10:41:46,136,0,2.7767345164121357e-13,5.5277183167484e-10,0
2025-07-18T10:46:47,132,0,2.4532131450891907e-12,3.596226363003514e-09,0
2025-07-18T10:51:46,128,0,1.210238453285654e-11,2.0720408198790087e-08,0
2025-07-18T10:56:46,126,0,1.9641457619496452e-12,7.471239585753797e-08,0
2025-07-18T11:01:46,122,0,2.0230021782686842e-11,4.266832507618145e-07,0
2025-07-18T11:06:46,121,0,2.7686438128025918e-12,2.711803714720054e-07,0
2025-07-18T11:11:46,128,0,1.6976296864497416e-17,1.67760557892541e-08,0
2025-07-18T11:16:46,139,0,3.5037146721993595e-22,1.991282073567514e-10,0
2025-07-18T11:21:46,152,0,3.632528170724286e-25,1.4911236942021359e-13,0
2025-07-18T11:26:46,164,0,5.049599140866035e-26,1.827559620491594e-17,0
2025-07-18T11:31:46,172,0,1.890136958383627e-24,6.371853980781459e-21,0
2025-07-18T11:36:46,175,0,1.1823706270573889e-21,5.275969631357936e-23,0
2025-07-18T11:41:46,172,0,8.450462871124322e-18,3.3353450839634494e-23,0
2025-07-18T11:46:47,164,0,7.992534264268437e-14,1.690595645238957e-21,0
2025-07-18T11:51:47,164,0,1.9624344882315474e-17,5.1103072949307216e-21,0
2025-07-18T11:56:46,166,0,7.043419937106376e-21,9.001529811290442e-20,0
2025-07-18T12:01:46,165,0,1.320104543036838e-19,1.3812013146621971e-18,0
2025-07-18T12:06:46,162,0,3.709595750939836e-17,1.2280058150171408e-17,0
2025-07-18T12:11:47,158,0,3.693291104692326e-15,1.7043848334548972e-16,0
2025-07-18T12:16:46,154,0,2.257289318865111e-14,1.3410862531276127e-14,0
2025-07-18T12:21:46,151,0,1.24795131347992e-14,9.44865830866142e-13,0
2025-07-18T12:26:46,150,0,9.371253062697708e-16,1.1899187674411588e-11,0
2025-07-18T12:31:47,148,0,1.7200044228411957e-15,5.464492915072063e-11,0
2025-07-18T12:36:46,147,0,1.1835588204447993e-15,2.214997193020213e-11,0
2025-07-18T12:41:47,145,0,5.135986268502303e-15,3.677948833061947e-11,0
2025-07-18T12:46:46,141,0,3.008598980025375e-13,1.169969788225542e-10,0
2025-07-18T12:51:46,139,0,1.3235457831732212e-13,2.1440729120658534e-10,0
2025-07-18T12:56:46,143,0,2.0216442719690402e-17,7.30301140878771e-11,0
2025-07-18T13:01:47,145,0,5.3756428184813345e-18,6.855846221474429e-11,0
2025-07-18T13:06:46,148,0,2.7497543897103996e-18,2.899095054149812e-12,0
2025-07-18T13:11:46,153,0,7.670674122895966e-20,9.079037629595285e-14,0
2025-07-18T13:16:46,158,0,1.1582124883273004e-20,4.99851332461811e-15,0
2025-07-18T13:21:46,165,0,1.647164158103427e-22,1.3368340926451844e-16,0
2025-07-18T13:26:46,162,0,9.536213680950664e-18,2.7507158987308023e-16,0
2025-07-18T13:31:47,156,0,1.3606306542068268e-13,2.986404088578053e-16,0
2025-07-18T13:36:46,151,0,2.5599885336654604e-13,4.7688577768911666e-15,0
2025-07-18T13:41:47,147,0,5.329428559060583e-14,2.126150179566249e-13,0
2025-07-18T13:46:46,143,0,4.0940778214143486e-14,2.692652474490997e-11,0
2025-07-18T13:51:47,140,0,3.5480850708524133e-14,1.6350757925524384e-10,0
2025-07-18T13:56:46,142,0,9.00653045399421e-17,8.524151934076832e-11,0
2025-07-18T14:01:46,153,0,4.330086413088386e-23,2.082099081309806e-12,0
2025-07-18T14:06:47,168,0,3.787611358336321e-28,5.73972244749162e-15,0
2025-07-18T14:11:46,181,0,9.351451937840319e-29,2.8603939158619517e-18,0
2025-07-18T14:16:46,191,0,1.791684361021679e-27,2.0111708931305785e-22,0
2025-07-18T14:21:47,200,0,3.3307503272350364e-27,3.0543124605737683e-26,0
2025-07-18T14:26:47,204,0,2.3430115080966275e-25,5.351973404606973e-28,0
2025-07-18T14:31:46,199,0,5.562285340810001e-20,1.266634539246869e-27,0
2025-07-18T14:36:47,193,0,1.3559385650316535e-17,7.80789783100123e-27,0
2025-07-18T14:41:47,181,0,7.722907419576403e-14,1.2901628091168128e-23,0
2025-07-18T14:46:46,168,0,3.422542731558349e-11,5.207784105779024e-20,0
2025-07-18T14:51:46,156,0,2.322812825928981e-10,1.21116641785406e-15,0
2025-07-18T14:56:46,153,0,2.1958353500767686e-14,2.0280874712233064e-13,0
2025-07-18T15:01:46,150,0,1.0064800749860239e-15,3.9218299871235504e-11,0
2025-07-18T15:06:46,146,0,3.417511661717611e-14,1.0444879625865604e-10,0
2025-07-18T15:11:47,140,0,9.588710527889914e-12,3.212764139088443e-10,0
2025-07-18T15:16:46,141,0,2.597121538433879e-14,5.076488228298773e-11,0
2025-07-18T15:21:47,144,0,4.378717510209857e-17,4.054762593929608e-11,0
2025-07-18T15:26:47,150,0,1.8030729912138662e-19,1.0348605696901027e-12,0
2025-07-18T15:31:46,152,0,2.83746453730409e-18,5.548718102656573e-14,0
2025-07-18T15:36:47,150,0,4.161662095087596e-15,2.465491007114371e-15,0
2025-07-18T15:41:47,147,0,9.386949807956076e-14,2.5397483913144917e-15,0
2025-07-18T15:46:46,145,0,3.8099896499474915e-14,4.1457803366281894e-14,0
2025-07-18T15:51:47,139,0,2.993995837313923e-12,9.249539519439078e-12,0
2025-07-18T15:56:47,130,0,2.8725168409966996e-09,9.863310343834647e-10,0
2025-07-18T16:01:47,121,0,7.452288154483968e-08,5.394389001317008e-08,0
2025-07-18T16:06:47,113,0,1.6924201496403707e-07,5.775393466721402e-06,0
2025-07-18T16:11:47,109,0,3.071232745258217e-09,0.00013187795478724685,0
2025-07-18T16:16:46,106,0,5.313072078403635e-10,0.0014131535328639436,0
2025-07-18T16:21:46,103,0,1.7155129608946245e-09,0.0015899739551394427,0
2025-07-18T16:26:47,99,0,3.2420798902391253e-08,0.0012431946041514153,0
2025-07-18T16:31:46,90,0,0.00027402853341550204,0.0055181001314468375,0
2025-07-18T16:36:46,91,0,4.180464682817523e-08,0.0007814516905747308,0
2025-07-18T16:41:47,83,0,4.35399534295573e-05,0.08427675723447332,0
2025-07-18T16:46:46,80,0,3.0791622880558964e-05,0.014557728781653326,0
2025-07-18T16:51:46,77,0,3.850685459180903e-06,0.11128036753460246,0
2025-07-18T16:56:47,76,0,8.64021464091441e-07,0.04156486646916358,0
2025-07-18T17:01:46,75,0,2.0599825013932485e-07,0.2086015656822767,0
2025-07-18T17:06:47,74,0,4.703958824117134e-07,0.18455474122847726,0
2025-07-18T17:11:47,85,0,4.0623169520266135e-14,0.0018031987040640436,0
2025-07-18T17:16:46,103,0,3.3084498300248617e-22,1.0098837936710534e-06,0
2025-07-18T17:21:47,115,0,2.765710794126219e-22,5.847740520261692e-11,0
2025-07-18T17:26:47,130,0,8.911090332430425e-24,1.225716726210833e-16,0
2025-07-18T17:31:47,145,0,2.4778915703683285e-26,3.266989385414698e-23,0
2025-07-18T17:36:47,162,0,1.0956294505062078e-29,9.475189319994229e-30,0
2025-07-18T17:41:46,157,0,2.1186344880922963e-19,4.106709999033908e-30,0
2025-07-18T17:46:47,150,0,4.0320830037874955e-13,3.399878585422458e-31,0
2025-07-18T17:51:47,135,0,9.400883185151353e-08,2.5602641195196624e-26,0
2025-07-18T17:56:47,116,0,0.01256831283739542,2.6380892713209173e-20,0
2025-07-18T18:01:46,101,0,0.02361643969145112,3.146614911543621e-12,0
2025-07-18T18:06:46,93,0,3.699218683029535e-05,7.39485343613115e-07,0
2025-07-18T18:11:47,93,0,3.0944482015012825e-10,0.0001674146779432225,0
2025-07-18T18:16:47,104,0,1.0980083493463788e-17,2.119043656420857e-05,0
2025-07-18T18:21:46,117,0,2.9796457479521625e-21,1.816399158911886e-07,0
2025-07-18T18:26:47,123,0,9.632214508073374e-18,3.00684414812063e-09,0
2025-07-18T18:31:47,112,0,2.5720450128019466e-06,2.860752830293181e-09,0
2025-07-18T18:36:47,108,0,9.805217414681509e-06,2.753831189267631e-10,0
2025-07-18T18:41:46,100,0,2.1716480591791254e-05,2.78577307258478e-07,0
2025-07-18T18:46:47,90,0,0.0015916273730740016,2.1363616924636294e-05,0
2025-07-18T18:51:47,89,0,3.2197061836688183e-08,4.205460725545012e-05,0
2025-07-18T18:56:47,63,1,0.999978282829653,2.0639742845277116e-05,1
2025-07-18T19:01:47,65,0,0.0021772502562081115,0.2206619996167088,0
2025-07-18T19:06:47,83,0,1.562852793739172e-19,0.6717810415340277,0
2025-07-18T19:11:47,110,0,4.6659237483259764e-29,8.363452568080523e-05,0
2025-07-18T19:16:47,133,0,6.461549478145405e-31,1.5740473699070583e-10,0
2025-07-18T19:21:47,152,0,9.784832637710711e-29,3.470981551797345e-21,0
2025-07-18T19:26:47,159,0,1.6869527775366313e-22,2.759837813514786e-26,0
2025-07-18T19:31:47,154,0,2.630708570620004e-14,7.409305508929843e-28,0
2025-07-18T19:36:47,146,0,5.194928787051495e-11,4.4966352864529426e-27,0
2025-07-18T19:41:47,134,0,3.320987794166357e-08,1.8246135609076003e-22,0
2025-07-18T19:46:47,123,0,1.6020577225253583e-09,5.718345260921476e-23,0
2025-07-18T19:51:47,113,0,3.031491467046311e-09,4.791571912078347e-18,0
2025-07-18T19:56:46,111,0,7.951827182991789e-12,1.5141713862839998e-13,0
2025-07-18T20:01:47,113,0,2.0630032259605084e-14,3.034478487375883e-10,0
2025-07-18T20:06:46,114,0,8.939139830017687e-14,3.3269663580730324e-09,0
2025-07-18T20:11:47,121,0,2.4326257278699767e-16,1.9993761460461179e-10,0
2025-07-18T20:16:46,130,0,4.839139295736001e-19,3.165057137369353e-11,0
2025-07-18T20:21:47,140,0,5.434698308050788e-21,7.529576621747007e-13,0
2025-07-18T20:26:47,146,0,4.865383806975908e-20,2.1583530106620253e-14,0
2025-07-18T20:31:47,144,0,3.0908563754350104e-15,9.491127686508323e-16,0
2025-07-18T20:36:47,139,0,4.548604825356253e-12,4.72881889343155e-16,0
2025-07-18T20:41:47,136,0,6.783226636563154e-13,1.890616413565535e-15,0
2025-07-18T20:46:47,129,0,3.005769335294843e-11,1.5523067609392298e-12,0
2025-07-18T20:51:47,121,0,2.585254812436667e-09,5.535723600833639e-10,0
2025-07-18T20:56:47,111,0,5.01786790464509e-07,2.1278345630059076e-07,0
2025-07-18T21:01:47,100,0,0.00012901949808162588,0.000113365402424449,0
2025-07-18T21:06:47,91,0,0.0003012711264091189,0.03692508012481244,0
2025-07-18T21:11:47,83,0,0.00011343136104028859,0.8079541525248812,0
2025-07-18T21:16:47,77,0,8.960789331702504e-06,0.9756050180536301,0
2025-07-18T21:21:47,74,0,7.032628086611413e-07,0.9689922228691271,0
2025-07-18T21:26:47,79,0,2.987461680162815e-10,0.35839266605994524,0
2025-07-18T21:31:47,90,0,1.6217576215181697e-15,0.002228902314260989,0
2025-07-18T21:36:47,110,0,5.249211733610617e-23,2.7724974975485874e-08,0
2025-07-18T21:41:47,121,0,1.948090994814513e-21,1.0045371332363492e-11,0
2025-07-18T21:46:47,125,0,2.2265516371961247e-16,1.404705246170536e-15,0
2025-07-18T21:51:47,139,0,7.310801049820027e-22,1.3311175383851895e-20,0
2025-07-18T21:56:47,160,0,9.998658787758492e-31,4.7750305626091916e-26,0
2025-07-18T22:01:47,171,0,9.071967458583197e-30,1.956902418867788e-30,0
2025-07-18T22:06:47,176,0,7.748638899130133e-26,5.595919775388134e-36,0
2025-07-18T22:11:46,173,0,2.020629003781853e-20,3.2803619199741394e-38,0
2025-07-18T22:16:46,165,0,2.9535081535996174e-15,1.9334687440071324e-35,0
2025-07-18T22:21:47,155,0,3.510900838492426e-12,2.2829109913353717e-29,0
2025-07-18T22:26:46,141,0,7.044994963743752e-08,8.673245765418574e-22,0
2025-07-18T22:31:46,133,0,3.229786108225357e-09,2.6205642891273943e-17,0
2025-07-18T22:36:46,130,0,9.453818480643422e-13,5.89441853277099e-14,0
2025-07-18T22:41:47,132,0,4.708016147092718e-16,9.970311080573296e-12,0
2025-07-18T22:46:47,139,0,1.3463465932260595e-19,6.73155003225762e-11,0
2025-07-18T22:51:47,140,0,4.7203144711685905e-17,1.1399946461819977e-10,0
2025-07-18T22:56:46,136,0,2.1567793977451538e-12,5.3348698854301836e-11,0
2025-07-18T23:01:46,130,0,1.1862265762503508e-09,1.5329943209395695e-10,0
2025-07-18T23:06:46,126,0,4.2478027669606575e-10,1.0499577196393575e-09,0
2025-07-18T23:11:46,122,0,1.0662098999082249e-10,2.4175129028369844e-08,0
2025-07-18T23:16:46,120,0,7.650638857535156e-12,2.516940935513734e-08,0
2025-07-18T23:21:47,117,0,1.563051972782594e-11,6.034027992325661e-08,0
2025-07-18T23:26:47,115,0,1.835907173197749e-11,8.935150629883477e-08,0
2025-07-18T23:31:46,116,0,3.989586882780844e-13,1.954570268909797e-07,0
2025-07-18T23:36:46,122,0,1.3738138054940977e-16,8.630416053411432e-08,0
2025-07-18T23:41:46,131,0,5.8594225243619e-20,3.4325502689937905e-09,0
2025-07-18T23:46:46,139,0,8.605137893795734e-21,1.3600800500069472e-11,0
2025-07-18T23:51:46,148,0,6.519966709606952e-22,5.908963109337434e-15,0
2025-07-18T23:56:47,159,0,2.8551147741526338e-24,2.378803237951995e-18,0
2025-07-19T00:01:46,169,0,1.7498742504563293e-25,2.0135858841543203e-21,0
2025-07-19T00:06:47,175,0,3.458262596604852e-24,9.716573910710271e-24,0
2025-07-19T00:11:46,184,0,5.145063340045419e-26,3.6125337202347085e-27,0
2025-07-19T00:16:46,187,0,2.3899269009055994e-24,1.9347001709613981e-28,0
2025-07-19T00:21:46,190,0,1.2867534920534976e-23,6.753288764602582e-30,0
2025-07-19T00:26:46,200,0,3.588528869260284e-28,1.93071870476093e-31,0
2025-07-19T00:31:46,205,0,1.683170035393e-27,1.9092933734647242e-31,0
2025-07-19T00:36:46,210,0,7.780907651862466e-27,1.5768767185857717e-32,0
2025-07-19T00:41:46,208,0,6.150929672934574e-23,1.6814827981630684e-31,0
2025-07-19T00:46:47,205,0,1.9295295538238916e-20,3.8360599802811645e-30,0
2025-07-19T00:51:46,201,0,1.0662788974878726e-19,7.42282328595147e-27,0
2025-07-19T00:56:46,199,0,1.522851285081056e-20,1.7094538617295384e-24,0
2025-07-19T01:01:47,195,0,7.944147436803179e-20,1.785061516878046e-21,0
2025-07-19T01:06:46,192,0,1.3951515681294566e-19,4.386225888914966e-20,0
2025-07-19T01:11:46,187,0,2.813422847325492e-18,2.8569172899680136e-18,0
2025-07-19T01:16:46,186,0,1.832352734753406e-19,1.874875653077459e-17,0
2025-07-19T01:21:47,188,0,6.331053488015219e-22,7.273620135777256e-17,0
2025-07-19T01:26:46,190,0,1.5794130868752574e-22,6.032587323316423e-17,0
2025-07-19T01:31:46,190,0,2.1040019247211032e-21,2.0276723551147522e-17,0
2025-07-19T01:36:47,186,0,2.108406562665858e-18,1.4263385167802763e-17,0
2025-07-19T01:41:47,177,0,3.157388238581241e-14,1.3230087823531827e-16,0
2025-07-19T01:46:46,165,0,1.0896440062447452e-10,1.2099611693496204e-14,0
2025-07-19T01:51:47,152,0,1.4934030944689652e-08,3.5041532595534502e-12,0
2025-07-19T01:56:46,141,0,1.9477117077885613e-08,6.874794316200752e-10,0
2025-07-19T02:01:47,133,0,1.3798466712623088e-09,2.579979145654018e-08,0
2025-07-19T02:06:46,126,0,9.806603730864675e-10,2.3443041141395122e-07,0
2025-07-19T02:11:47,122,0,1.6528024764395493e-10,2.0488149036197225e-07,0
2025-07-19T02:16:46,119,0,8.915745906240807e-11,1.3853124923480162e-07,0
2025-07-19T02:21:47,114,0,5.131913171603488e-09,1.1376780851863292e-07,0
2025-07-19T02:26:46,109,0,9.041831722510355e-08,7.880841909979543e-08,0
2025-07-19T02:31:47,105,0,1.1102198179142053e-07,6.995217973490035e-08,0
2025-07-19T02:36:46,103,0,1.056896508423092e-08,6.845280151391864e-08,0
2025-07-19T02:41:47,102,0,1.1927255521646584e-09,8.761041082999872e-08,0
2025-07-19T02:46:46,99,0,1.3103115340900152e-08,2.3131769771869284e-07,0
2025-07-19T02:51:46,100,0,2.755258105620225e-10,1.6751802431531314e-07,0
2025-07-19T02:56:47,102,0,5.5422749544889945e-12,4.970762124884595e-07,0
2025-07-19T03:01:46,108,0,6.533333100202583e-15,1.2255640747287435e-07,0
2025-07-19T03:06:47,115,0,4.200571951035962e-17,1.675575205210283e-08,0
2025-07-19T03:11:47,116,0,1.9537413480856596e-14,2.412143012772049e-09,0
2025-07-19T03:16:46,123,0,5.45841250355586e-17,6.826771990685262e-12,0
2025-07-19T03:21:47,132,0,1.7546606430467196e-20,9.331620487820579e-14,0
2025-07-19T03:26:47,142,0,9.778419711567643e-23,2.1821009018044671e-16,0
2025-07-19T03:31:46,151,0,1.2407047838129887e-23,4.343791384426428e-19,0
2025-07-19T03:36:47,159,0,8.770291631310591e-24,9.342952127908492e-23,0
2025-07-19T03:41:46,167,0,1.7020974712905637e-24,1.9337236873430458e-25,0
2025-07-19T03:46:47,172,0,1.1672776082702233e-23,5.416563718918962e-27,0
2025-07-19T03:51:46,179,0,1.0809054055140508e-24,1.765679902219594e-28,0
2025-07-19T03:56:46,186,0,8.763080904998193e-26,2.4273627917480852e-29,0
2025-07-19T04:01:46,191,0,1.766736310268336e-25,8.634933868750266e-31,0
2025-07-19T04:06:46,190,0,6.423929996807008e-22,5.9169756268955645e-30,0
2025-07-19T04:11:47,187,0,3.635169052255585e-19,1.6027671502547822e-28,0
2025-07-19T04:16:46,182,0,2.5099663157542056e-17,1.775527764921236e-25,0
2025-07-19T04:21:46,177,0,1.3206365528224862e-16,2.29432768192268e-22,0
2025-07-19T04:26:47,174,0,1.6909828956081213e-17,1.0992711892800214e-19,0
2025-07-19T04:31:47,170,0,5.283334196120765e-17,3.820965061935833e-17,0
2025-07-19T04:36:46,166,0,2.6999013422488298e-16,1.835441341069864e-15,0
2025-07-19T04:41:46,163,0,2.9138072991656157e-16,3.9774118973970216e-14,0
2025-07-19T04:46:46,161,0,1.5884494839539374e-16,3.558237787888319e-13,0
2025-07-19T04:51:46,157,0,3.2646399049442573e-15,4.151038623750303e-12,0
2025-07-19T04:56:47,153,0,2.9943748438122495e-14,8.807760741371559e-12,0
2025-07-19T05:01:46,150,0,2.3537164486645938e-14,1.6817669548240157e-11,0
2025-07-19T05:06:47,149,0,1.9542426080449797e-15,1.614395670680258e-11,0
2025-07-19T05:11:47,146,0,1.336144910011019e-14,3.916519284725809e-11,0
2025-07-19T05:16:47,145,0,6.276775278193318e-15,1.714866563693461e-11,0
2025-07-19T05:21:47,144,0,3.3707733486640253e-15,2.442787889244083e-11,0
2025-07-19T05:26:47,143,0,4.599840120276937e-15,2.4094363604991886e-11,0
2025-07-19T05:31:47,142,0,5.2151648345610526e-15,4.0093600692721096e-11,0
2025-07-19T05:36:46,142,0,1.9630476380245024e-15,3.21923060528503e-11,0
2025-07-19T05:41:46,143,0,2.647058435512593e-16,2.1393347791185496e-11,0
2025-07-19T05:46:47,142,0,1.7503756536212844e-15,2.5787456788017854e-11,0
2025-07-19T05:51:47,142,0,1.4648936174218002e-15,1.177214133439134e-11,0
2025-07-19T05:56:47,140,0,1.3709619999000552e-14,3.450929595804875e-11,0
2025-07-19T06:01:47,138,0,4.961144365758861e-14,4.917798413939879e-11,0
2025-07-19T06:06:47,135,0,2.426535521417286e-13,3.2874638947158423e-10,0
2025-07-19T06:11:47,134,0,5.067939871486345e-14,5.275124474423103e-10,0
2025-07-19T06:16:47,131,0,3.1322216072864213e-13,4.169720354422839e-09,0
2025-07-19T06:21:46,135,0,1.3256708310871368e-16,4.260530678096138e-10,0
2025-07-19T06:26:46,137,0,2.774027649018247e-17,6.080545351932791e-10,0
2025-07-19T06:31:47,134,0,7.406445732752981e-14,4.852234030562654e-10,0
2025-07-19T06:36:47,131,0,2.0274718303347037e-12,4.3405065833785507e-10,0
2025-07-19T06:41:47,128,0,5.096079630438771e-12,1.6525221964958709e-09,0
2025-07-19T06:46:48,128,0,8.927684109035606e-14,4.966067447545523e-09,0
2025-07-19T06:51:48,126,0,2.0522113389761067e-13,3.5843017612037904e-08,0
2025-07-19T06:56:48,123,0,4.1622926086620685e-12,3.652580687383727e-08,0
2025-07-19T07:01:48,118,0,2.677074797347428e-10,2.0040771684662519e-07,0
2025-07-19T07:06:48,113,0,2.5748305420702244e-09,8.524059349313382e-07,0
2025-07-19T07:11:48,110,0,5.637445478742511e-10,1.306693303769971e-05,0
2025-07-19T07:16:48,108,0,1.2531461945378329e-10,8.594312404468194e-05,0
2025-07-19T07:21:48,108,0,8.652631440976386e-12,6.37757417633085e-05,0
2025-07-19T07:26:48,104,0,1.110065426080778e-09,0.00016345720595882304,0
2025-07-19T07:31:48,100,0,3.2218430914899486e-08,0.00012005096072836109,0
2025-07-19T07:36:47,99,0,1.6732915893433735e-09,0.0001954502329156479,0
2025-07-19T07:41:48,101,0,7.547242924665213e-12,0.00014662451021493254,0
2025-07-19T07:46:48,102,0,3.36034683052053e-12,0.00014094829829183484,0
2025-07-19T07:51:48,101,0,8.369671194330062e-11,3.616659973696093e-05,0
2025-07-19T07:56:48,98,0,5.349358211440957e-09,2.3597444066964083e-05,0
2025-07-19T08:01:48,98,0,4.176906888844298e-10,1.3508486345408402e-05,0
2025-07-19T08:06:48,98,0,5.810431569880483e-11,5.110216048285545e-05,0
2025-07-19T08:11:48,98,0,5.0406197668959514e-11,8.140126383068002e-05,0
2025-07-19T08:16:48,100,0,2.567589766645593e-12,1.6110663897801344e-05,0
2025-07-19T08:21:48,102,0,5.70541965295512e-13,2.3779863474823714e-06,0
2025-07-19T08:26:48,104,0,3.343282959422208e-13,5.057289528640936e-07,0
2025-07-19T08:31:49,107,0,6.280315946450429e-14,1.1786927506197624e-07,0
2025-07-19T08:36:48,111,0,5.187280485265513e-15,1.449927162508459e-08,0
2025-07-19T08:41:48,114,0,3.8082752742562585e-15,2.119453962958326e-09,0
2025-07-19T08:46:48,118,0,5.193319395864403e-16,6.354750144187817e-11,0
2025-07-19T08:51:48,118,0,2.719987943651508e-14,4.811570183392936e-11,0
2025-07-19T08:56:49,119,0,4.162279310689252e-14,1.1392014168697145e-11,0
2025-07-19T09:01:48,120,0,1.2923620472891644e-14,1.4710576341274568e-11,0
2025-07-19T09:06:48,118,0,5.972779627972799e-13,8.769275938576456e-11,0
2025-07-19T09:11:48,116,0,3.5548268493262976e-12,4.3774440200623397e-10,0
2025-07-19T09:16:48,120,0,1.5594416607442574e-15,1.4938055957085947e-10,0
2025-07-19T09:21:49,119,0,3.195843349917709e-14,2.067055830827202e-09,0
2025-07-19T09:26:48,119,0,1.7124661251080168e-13,1.4151023305203167e-09,0
2025-07-19T09:31:48,117,0,2.4215603700596447e-12,7.484092509329779e-09,0
2025-07-19T09:36:48,115,0,1.7004615910605352e-11,2.410069828172477e-08,0
2025-07-19T09:41:48,111,0,2.6098118872724494e-10,5.771930098281452e-07,0
2025-07-19T09:46:48,109,0,1.2919949801461453e-10,1.8020440473345264e-06,0
2025-07-19T09:51:48,104,0,4.520571484310408e-09,6.23641857919614e-05,0
2025-07-19T09:56:48,100,0,1.796153657372471e-08,0.00017820521983791813,0
2025-07-19T10:01:48,100,0,1.0976043358446019e-10,0.0002533761776729602,0
2025-07-19T10:06:48,99,0,1.0195129880124556e-10,0.0011646070639337717,0
2025-07-19T10:11:48,98,0,2.5532932247737017e-10,0.000847134184710302,0
2025-07-19T10:16:49,96,0,2.1757658897629812e-09,0.0009141312005058736,0
2025-07-19T10:21:49,94,0,7.869434970422704e-09,0.0008142865705259699,0
2025-07-19T10:26:48,93,0,2.723711846604243e-09,0.0013754335827387417,0
2025-07-19T10:31:48,96,0,6.915979266509337e-12,0.0002584762604063854,0
2025-07-19T10:36:48,102,0,6.5342783248710335e-15,2.1321303526462453e-05,0
2025-07-19T10:41:48,110,0,1.912040144679183e-17,1.0397610559477137e-07,0
2025-07-19T10:46:48,118,0,1.0045783227777856e-18,2.057075902903e-10,0
2025-07-19T10:51:48,127,0,4.93428960890963e-20,2.6297676662920914e-13,0
2025-07-19T10:56:48,134,0,4.5140899240729933e-20,1.240432216603668e-15,0
2025-07-19T11:01:48,142,0,3.631919818966704e-21,2.220264505062888e-18,0
2025-07-19T11:06:48,146,0,3.610951805442627e-20,6.113974541049466e-20,0
2025-07-19T11:11:49,143,0,7.833635332407772e-16,3.329552812575457e-20,0
2025-07-19T11:16:48,137,0,1.4644842455628964e-12,3.631889420491503e-19,0
2025-07-19T11:21:49,133,0,1.1482622707319327e-12,3.276687382706756e-17,0
2025-07-19T11:26:49,130,0,1.8536510825802347e-13,1.9149175968817517e-14,0
2025-07-19T11:31:48,128,0,6.67153292929537e-14,2.6204380255544624e-12,0
2025-07-19T11:36:49,126,0,1.433919338044789e-13,6.797826516970993e-11,0
2025-07-19T11:41:48,125,0,1.7298768674265017e-13,4.934194241740735e-10,0
2025-07-19T11:46:48,124,0,2.5822286183840755e-13,4.1600989858109704e-09,0
2025-07-19T11:51:49,123,0,5.956017503375379e-13,2.811867219428985e-08,0
2025-07-19T11:56:49,121,0,3.9879015910166595e-12,1.5479364300308278e-07,0
2025-07-19T12:01:49,120,0,2.694900987636549e-12,1.5685570486879605e-07,0
2025-07-19T12:06:48,120,0,4.079636287964211e-13,1.1033803280360787e-07,0
2025-07-19T12:11:49,120,0,2.190999391443799e-13,7.000152104235031e-08,0
2025-07-19T12:16:48,117,0,1.2952488580934871e-11,1.3313514839579813e-07,0
2025-07-19T12:21:48,115,0,3.287299055573574e-11,1.185515645583243e-07,0
2025-07-19T12:26:49,114,0,7.118821115279691e-12,3.0980175593693887e-07,0
2025-07-19T12:31:48,115,0,3.0037797153006303e-13,3.7080479191147476e-07,0
2025-07-19T12:36:49,115,0,3.108035663504999e-13,5.83230008133063e-07,0
2025-07-19T12:41:48,115,0,6.822798912948229e-13,2.181324553871602e-07,0
2025-07-19T12:46:48,114,0,2.9597206121836036e-12,1.817831293848898e-07,0
2025-07-19T12:51:49,114,0,1.6260683568408806e-12,1.1719563324368593e-07,0
2025-07-19T12:56:49,118,0,3.42444351859547e-15,3.267646616222323e-08,0
2025-07-19T13:01:49,122,0,1.7736983982568887e-16,8.861299531925423e-09,0
2025-07-19T13:06:48,125,0,2.4958615148336875e-16,5.375696369603276e-10,0
2025-07-19T13:11:49,124,0,5.4887841477050194e-14,1.8067867800832706e-10,0
2025-07-19T13:16:49,123,0,5.290027111861992e-13,7.3637579409994e-11,0
2025-07-19T13:21:49,121,0,1.8181148121430808e-12,6.033920772979026e-10,0
2025-07-19T13:26:48,118,0,1.218546699394321e-11,5.7671804568817565e-09,0
2025-07-19T13:31:49,115,0,2.8206208674630882e-11,5.6060410963792176e-08,0
2025-07-19T13:36:48,113,0,1.3885156990727088e-11,1.858108447524279e-07,0
2025-07-19T13:41:49,113,0,8.733065411683032e-13,3.2827930851495527e-07,0
2025-07-19T13:46:48,112,0,1.9390365574469e-12,1.402402334370273e-06,0
2025-07-19T13:51:49,112,0,1.8076292016113916e-12,1.2950594068780399e-06,0
2025-07-19T13:56:49,111,0,6.935008794715431e-12,2.504624083388391e-06,0
2025-07-19T14:01:48,112,0,1.0844287473935837e-12,8.073857257854045e-07,0
2025-07-19T14:06:48,112,0,1.1424501219339772e-12,1.1048548030006667e-06,0
2025-07-19T14:11:48,112,0,1.9279755743589325e-12,4.7043854085058855e-07,0
2025-07-19T14:16:49,111,0,6.3915194677396596e-12,4.54387518618176e-07,0
2025-07-19T14:21:49,110,0,1.2329284620382322e-11,3.216088900081337e-07,0
2025-07-19T14:26:49,111,0,7.46242151395504e-13,2.2691203851640612e-07,0
2025-07-19T14:31:49,116,0,8.162537442485601e-16,3.6625728448384004e-08,0
2025-07-19T14:36:48,126,0,3.114855403933109e-20,3.3637721698680137e-10,0
2025-07-19T14:41:49,140,0,1.217981023273188e-24,1.4536315352538574e-13,0
2025-07-19T14:46:49,165,0,2.2988837918559866e-33,1.9345096962910266e-20,0
2025-07-19T14:51:48,191,0,1.3356657025439048e-38,5.436470334366179e-28,0
2025-07-19T14:56:48,215,0,6.274850549896715e-40,1.7947070567207019e-37,0
2025-07-19T15:01:48,232,0,1.5449246500689124e-37,6.201315363227167e-46,0
2025-07-19T15:06:49,254,0,1.0378098201667465e-40,3.049790151553337e-56,0
2025-07-19T15:11:48,278,0,1.007986932239812e-45,9.886340323353126e-66,0
2025-07-19T15:16:49,295,0,1.0987111580747634e-44,4.342786409210646e-74,0
2025-07-19T15:21:49,303,0,2.1377196656060362e-39,7.68338392065286e-80,0
2025-07-19T15:26:49,306,0,9.667155525529064e-35,1.987495669430026e-82,0
2025-07-19T15:31:49,311,0,5.249634719984167e-35,2.536447030343918e-82,0
2025-07-19T15:36:49,318,0,5.684754447412005e-37,2.3373850044133573e-79,0
2025-07-19T15:41:49,323,0,7.567469793022038e-37,8.573809828404384e-76,0
2025-07-19T15:46:49,330,0,5.447494384253943e-38,7.00003767764817e-73,0
2025-07-19T15:51:49,337,0,3.319564661289104e-39,2.0331773412920205e-69,0
2025-07-19T15:56:48,342,0,6.21263000086861e-39,8.7063967382774e-65,0
2025-07-19T16:01:48,344,0,1.2012708697696216e-37,3.164249270019222e-59,0
2025-07-19T16:06:49,347,0,3.3685439044931324e-38,4.821833675077772e-55,0
2025-07-19T16:11:49,348,0,4.031003655876088e-38,3.9401904905736735e-51,0
2025-07-19T16:16:49,351,0,1.711455671297796e-39,7.922950784037628e-49,0
2025-07-19T16:21:49,354,0,1.3364236784394671e-40,1.2492983096223527e-46,0
2025-07-19T16:26:49,356,0,2.0479173048095645e-40,1.8737685225812173e-45,0
2025-07-19T16:31:48,356,0,2.4597750909486296e-39,1.1171366435830251e-44,0
2025-07-19T16:36:49,358,0,4.788407542200732e-40,1.204866015223962e-44,0
2025-07-19T16:41:49,357,0,5.1891870411248725e-39,1.2668107450438235e-43,0
2025-07-19T16:46:49,361,0,2.8211149455799695e-41,6.693711340445859e-44,0
2025-07-19T16:51:49,363,0,1.153313059450493e-41,2.523679338349253e-43,0
2025-07-19T16:56:49,364,0,9.221148439779204e-41,1.1725919916078867e-43,0
2025-07-19T17:01:48,364,0,3.943342943065938e-40,1.673048893540686e-43,0
2025-07-19T17:06:49,364,0,7.700398600371043e-40,1.6364892074297978e-43,0
2025-07-19T17:11:49,362,0,7.549275927148272e-39,1.0476170052658993e-42,0
2025-07-19T17:16:49,360,0,2.5127490144874086e-38,3.104856948474447e-42,0
2025-07-19T17:21:49,352,0,9.358594501895378e-35,1.0685997012308115e-40,0
2025-07-19T17:26:49,342,0,1.29332725799929e-31,2.5073400247736905e-39,0
2025-07-19T17:31:49,332,0,1.9950107571393638e-30,2.1944529132084954e-37,0
2025-07-19T17:36:49,321,0,5.882692540889104e-29,2.949807468170955e-35,0
2025-07-19T17:41:49,310,0,9.363837414017944e-28,1.800730802529753e-33,0
2025-07-19T17:46:49,299,0,1.7553447767894682e-26,2.713478608788824e-32,0
2025-07-19T17:51:49,292,0,1.970495996724855e-27,5.296044201071369e-32,0
2025-07-19T17:56:49,279,0,9.373872858678025e-24,7.437734280343494e-31,0
2025-07-19T18:01:49,265,0,3.6387377079874194e-20,5.8747793654652265e-31,0
2025-07-19T18:06:49,243,0,1.6175757905628882e-13,1.1981761479164642e-29,0
2025-07-19T18:11:49,228,0,2.135448138393697e-13,5.3960173531498366e-30,0
2025-07-19T18:16:49,214,0,5.948831709938662e-14,1.3070431999212304e-28,0
2025-07-19T18:21:49,197,0,1.4359636674637875e-10,2.3770513617228555e-28,0
2025-07-19T18:26:49,181,0,2.442544144946029e-08,1.6059504490653887e-28,0
2025-07-19T18:31:49,171,0,1.0376896876022818e-09,4.066298976993144e-29,0
2025-07-19T18:36:49,165,0,5.751593346373817e-12,1.6279261312143758e-28,0
2025-07-19T18:41:49,160,0,2.0155548604427786e-12,7.791340864214884e-28,0
2025-07-19T18:46:49,162,0,9.011894531898995e-16,3.272183195533136e-28,0
2025-07-19T18:51:49,159,0,3.7289509256436546e-14,5.393378227280262e-27,0
2025-07-19T18:56:49,153,0,6.100386138036495e-11,4.069362951518751e-26,0
2025-07-19T19:01:50,146,0,2.77599237444492e-09,6.3813736253379754e-24,0
2025-07-19T19:06:49,135,0,2.791480673448231e-06,1.1991587520089285e-20,0
2025-07-19T19:11:49,129,0,5.7429877162044665e-08,2.1075805490130807e-17,0
2025-07-19T19:16:49,123,0,5.960032889000649e-09,9.863662760909462e-14,0
2025-07-19T19:21:49,119,0,9.660364934564244e-10,2.5174981840003684e-11,0
2025-07-19T19:26:49,118,0,1.3908676537074345e-11,7.664326011552017e-10,0
2025-07-19T19:31:49,118,0,1.6846878700219679e-12,3.7308095938583164e-09,0
2025-07-19T19:36:49,119,0,3.8313541666883817e-13,1.586263093585407e-08,0
2025-07-19T19:41:49,117,0,1.5684122753114346e-11,4.8804007316367134e-08,0
2025-07-19T19:46:49,112,0,7.698084747692032e-09,1.1892252175105029e-07,0
2025-07-19T19:51:49,107,0,8.221594620669204e-08,5.945595421945615e-07,0
2025-07-19T19:56:49,105,0,2.205269371532443e-09,1.6426327171463067e-06,0
2025-07-19T20:01:49,103,0,4.379520541806859e-10,1.3378389819403424e-05,0
2025-07-19T20:06:49,107,0,1.3994218573635842e-13,2.3316054029924327e-06,0
2025-07-19T20:11:49,114,0,4.77480960060509e-17,1.850851432072294e-07,0
2025-07-19T20:16:50,117,0,8.095175748845953e-16,2.3458156128091632e-08,0
2025-07-19T20:21:49,123,0,6.634708558301522e-17,2.4312875622237763e-10,0
2025-07-19T20:26:50,124,0,4.948184064554236e-15,1.2351528860238862e-10,0
2025-07-19T20:31:50,124,0,1.2750492405573476e-13,2.8797004695166606e-11,0
2025-07-19T20:36:49,121,0,4.460948149754368e-12,1.242694410339803e-10,0
2025-07-19T20:41:49,119,0,5.1059545387965275e-12,1.3852581436853356e-10,0
2025-07-19T20:46:49,109,0,1.3743980860599165e-07,7.816439112161326e-08,0
2025-07-19T20:51:49,102,0,1.0307139585999176e-06,9.370029884210531e-07,0
2025-07-19T20:56:49,95,0,1.298427068693061e-06,0.0005871081443479556,0
2025-07-19T21:01:49,90,0,7.657081359347134e-07,0.03285640261898938,0
2025-07-19T21:06:49,83,0,4.737018495193338e-06,0.7534362290207938,0
2025-07-19T21:11:49,72,0,0.002137392951720093,0.9894778941560779,0
2025-07-19T21:16:49,69,2,6.832422183193119e-06,0.9919272131037158,0
2025-07-19T21:21:49,64,0,3.0797716206645917e-07,0.9996445984783501,2
2025-07-19T21:26:49,63,0,7.820817658786246e-08,0.9984543563337245,2
2025-07-19T21:31:49,61,0,8.614191598236803e-08,0.9986791981389135,2
2025-07-19T21:36:49,61,0,1.0118242629055938e-06,0.9604937085316942,0
2025-07-19T21:41:49,60,0,1.5267295027622047e-06,0.9574961144435541,0
2025-07-19T21:46:50,59,0,8.99239006950771e-06,0.8975174586018025,0
2025-07-19T21:51:49,57,0,1.1141606389181439e-05,0.9674422024497871,0
2025-07-19T21:56:50,53,0,6.776057781885631e-05,0.9939633381713365,0
2025-07-19T22:01:50,59,0,5.279856091852211e-09,0.7724936593246581,0
2025-07-19T22:06:50,68,0,2.0966025477051834e-13,0.15361602670363625,0
2025-07-19T22:11:49,80,0,3.4591094596446074e-17,1.7460819160903696e-05,0
2025-07-19T22:16:49,93,0,7.148678414731252e-20,6.042025189904982e-10,0
2025-07-19T22:21:50,110,0,4.631848315890319e-24,7.750403629369628e-17,0
2025-07-19T22:26:49,125,0,6.836224087113387e-26,2.208868954690914e-22,0
2025-07-19T22:31:49,143,0,1.9997131506460113e-29,3.167597480118399e-30,0
2025-07-19T22:36:50,157,0,3.35379880348466e-30,9.228472408059202e-37,0
2025-07-19T22:41:49,170,0,5.486078438189906e-31,2.0138022334042173e-44,0
2025-07-19T22:46:50,179,0,3.9294576267727474e-31,2.428321682484278e-51,0
2025-07-19T22:51:50,183,0,1.916901498736741e-27,1.8140241267601125e-51,0
2025-07-19T22:56:50,188,0,1.27788307277634e-26,3.1443883680038274e-50,0
2025-07-19T23:01:49,188,0,1.85208785953579e-23,1.903937510091637e-46,0
2025-07-19T23:06:49,186,0,1.3630574260603338e-20,1.1494980101736585e-42,0
2025-07-19T23:11:50,180,0,4.823324326993597e-17,6.014580681342192e-37,0
2025-07-19T23:16:49,174,0,2.2831940735196236e-15,1.3597240775410816e-31,0
2025-07-19T23:21:49,174,0,2.363244509083413e-18,1.0722972305901067e-26,0
2025-07-19T23:26:49,177,0,1.961864413477968e-21,4.6051214722260145e-23,0
2025-07-19T23:31:49,180,0,3.065557867805375e-22,9.149365924117094e-21,0
2025-07-19T23:36:49,185,0,2.0714767898333123e-23,3.057577497997183e-20,0
2025-07-19T23:41:50,187,0,2.6907855346654956e-22,7.607740237700856e-20,0
2025-07-19T23:46:49,183,0,3.038129023326095e-18,1.1077771169841548e-18,0
2025-07-19T23:51:49,176,0,5.7663182820811465e-15,2.5907121943145113e-17,0
2025-07-19T23:56:50,170,0,1.7072958641211896e-14,9.23770231111824e-16,0
2025-07-20T00:01:50,169,0,1.5850103484378646e-17,9.537060012281956e-15,0
2025-07-20T00:06:49,180,0,6.909844942549208e-26,5.38668678697679e-16,0
2025-07-20T00:11:50,196,0,2.6293387684201843e-32,1.7393834619030948e-18,0
2025-07-20T00:16:50,211,0,9.724982312304984e-34,1.4166750370800126e-22,0
2025-07-20T00:21:50,223,0,1.5601718859946846e-32,4.357882494663127e-27,0
2025-07-20T00:26:50,230,0,1.3006889688053262e-29,2.473687204691523e-30,0
2025-07-20T00:31:49,238,0,5.61318542313832e-30,6.605491301117606e-33,0
2025-07-20T00:36:50,242,0,2.987976115973411e-29,7.701468112506735e-34,0
2025-07-20T00:41:50,246,0,1.86551340740237e-29,2.192793858019424e-35,0
2025-07-20T00:46:49,252,0,1.295975206583407e-31,6.12920234868419e-37,0
2025-07-20T00:51:49,256,0,1.1399565966336312e-31,5.146921401341796e-38,0
2025-07-20T00:56:50,257,0,9.223074044129706e-30,7.305034080279157e-38,0
2025-07-20T01:01:49,255,0,3.828916095324078e-27,6.069952185934506e-37,0
2025-07-20T01:06:49,250,0,1.99590079740653e-24,4.7414338133865914e-35,0
2025-07-20T01:11:49,236,0,3.1321015865678933e-18,6.821475197735626e-31,0
2025-07-20T01:16:50,219,0,1.5401219139096167e-13,2.1466278552940202e-26,0
2025-07-20T01:21:50,202,0,1.2889755637668751e-11,4.3143776931014874e-21,0
2025-07-20T01:26:50,189,0,1.4642056183817053e-12,3.9010951952901487e-17,0
2025-07-20T01:31:49,178,0,2.513641297725801e-13,2.219691860981347e-14,0
2025-07-20T01:36:50,175,0,8.295559321663391e-17,1.7829375471970895e-14,0
2025-07-20T01:41:50,175,0,3.0986567335932255e-19,3.2237237635920458e-15,0
2025-07-20T01:46:48,179,0,2.2448031889723244e-21,1.843252971184468e-17,0
2025-07-20T01:51:49,183,0,5.794911281007535e-22,2.294334088099727e-19,0
2025-07-20T01:56:49,186,0,3.353288554636895e-21,2.3263403509878496e-21,0
2025-07-20T02:01:49,193,0,1.4110254118338396e-23,2.3655834156772574e-23,0
2025-07-20T02:06:49,195,0,2.1525575690821016e-22,9.215759455451261e-24,0
2025-07-20T02:11:49,192,0,5.337304228903868e-19,1.0124176310205593e-23,0
2025-07-20T02:16:49,188,0,1.5074970609671862e-17,9.249207662596598e-23,0
2025-07-20T02:21:49,189,0,1.977945032517053e-20,6.624825212829449e-22,0
2025-07-20T02:26:49,190,0,3.427160204014073e-22,6.37723844321492e-20,0
2025-07-20T02:31:49,187,0,4.2813830319012353e-20,1.3528165186082543e-18,0
2025-07-20T02:36:49,180,0,2.1805245688250664e-16,2.1842435509143093e-17,0
2025-07-20T02:41:48,175,0,7.97281684342217e-16,1.5545162474686422e-16,0
2025-07-20T02:46:49,177,0,5.294145698715145e-20,6.47814370288285e-16,0
2025-07-20T02:51:49,176,0,6.09371875782249e-20,1.687963874795465e-14,0
2025-07-20T02:56:48,172,0,3.137224819639288e-17,2.392230706011546e-14,0
2025-07-20T03:01:49,168,0,6.248824344802224e-16,1.7321703197252125e-14,0
2025-07-20T03:06:49,141,0,0.07357618820196002,1.381135317542215e-10,0
2025-07-20T03:11:49,156,0,3.8369389235969126e-19,4.135005683358153e-14,0
2025-07-20T03:16:49,154,0,6.00058893974948e-20,4.338432481956416e-09,0
2025-07-20T03:21:48,151,0,4.077217331748828e-15,1.7825670196319563e-11,0
2025-07-20T03:26:49,147,0,5.775440164973764e-14,2.5875909743518673e-11,0
2025-07-20T03:31:48,145,0,2.1361894499839487e-13,3.2436683242517813e-13,0
2025-07-20T03:36:49,146,0,3.8816938927869524e-16,1.3492826866854018e-11,0
2025-07-20T03:41:48,148,0,1.9459099053489435e-17,1.0830368741954277e-11,0
2025-07-20T03:46:49,149,0,3.415998553300817e-17,4.081441878959142e-12,0
2025-07-20T03:51:49,153,0,9.932232307071297e-19,2.3803045905936795e-13,0
2025-07-20T03:56:49,159,0,1.7813242804534378e-21,5.770467035726043e-16,0
2025-07-20T04:01:49,163,0,6.054134389076101e-21,8.246971167153968e-16,0
2025-07-20T04:06:49,169,0,3.7298116756227327e-22,1.8714280694180824e-17,0
2025-07-20T04:11:49,173,0,4.620529017174227e-22,1.576590803949664e-18,0
2025-07-20T04:16:49,175,0,4.848747228561014e-21,1.4729027294173178e-19,0
2025-07-20T04:21:49,179,0,2.9356489571827824e-22,1.4011194098502528e-20,0
2025-07-20T04:26:49,176,0,4.642142138922979e-19,1.0714630686193725e-19,0
2025-07-20T04:31:49,169,0,4.898783033800086e-15,1.529036329780482e-18,0
2025-07-20T04:36:49,165,0,1.834101961397723e-15,2.4212755905831755e-17,0
2025-07-20T04:41:48,162,0,2.0615100552958062e-16,1.6382209632527045e-15,0
2025-07-20T04:46:49,162,0,3.1305557144787703e-18,2.512191937510818e-14,0
2025-07-20T04:51:49,161,0,4.044932700157726e-18,1.295257405734194e-13,0
2025-07-20T04:56:48,153,0,3.1251282635311477e-13,1.9910888072876598e-12,0
2025-07-20T05:01:49,148,0,1.7811736101841678e-12,5.5372283659602654e-12,0
2025-07-20T05:06:49,141,0,2.140126889176636e-11,4.3777176096033675e-10,0
2025-07-20T05:11:49,136,0,1.8435599055799942e-11,6.667629786468866e-09,0
2025-07-20T05:16:48,133,0,1.1628438166427268e-12,4.460124108774592e-08,0
2025-07-20T05:21:49,132,0,9.281285817548095e-14,1.6375877512349452e-08,0
2025-07-20T05:26:49,130,0,2.370978985132985e-13,1.5189151354329194e-08,0
2025-07-20T05:31:49,133,0,1.251072084945232e-15,8.252550769147437e-10,0
2025-07-20T05:36:49,134,0,1.2699556344252153e-15,7.235676541156456e-10,0
2025-07-20T05:41:49,134,0,1.4819043185078506e-14,2.4783520276403613e-10,0
2025-07-20T05:46:49,135,0,4.7547142670954066e-15,6.859134178654324e-11,0
2025-07-20T05:51:49,137,0,5.455450247062971e-16,1.888619317155697e-11,0
2025-07-20T05:56:49,140,0,2.6383904186390478e-17,4.740636379496013e-12,0
2025-07-20T06:01:49,140,0,3.3712137348479506e-16,2.842320309141745e-12,0
2025-07-20T06:06:49,142,0,8.482534025352687e-17,3.769872654354027e-13,0
2025-07-20T06:11:49,142,0,2.450709854758034e-16,7.394029728964656e-13,0
2025-07-20T06:16:49,141,0,1.943265585544978e-15,7.240422330486621e-13,0
2025-07-20T06:21:49,140,0,3.5049976700241036e-15,3.1626097523997736e-12,0
2025-07-20T06:26:49,138,0,1.794491532486491e-14,1.1372929320593802e-11,0
2025-07-20T06:31:49,138,0,2.3619922650604732e-15,1.800794144174277e-11,0
2025-07-20T06:36:49,139,0,2.1921254944652323e-16,2.7117477843060238e-11,0
2025-07-20T06:41:49,139,0,5.196657969822354e-16,3.5579420865603174e-11,0
2025-07-20T06:46:50,138,0,4.5698634760031674e-15,5.315332614355648e-11,0
2025-07-20T06:51:49,134,0,7.166638221607889e-13,1.8669952682600261e-10,0
2025-07-20T06:56:49,132,0,5.604023190218353e-13,4.846998920911273e-10,0
2025-07-20T07:01:50,132,0,1.6696055179513126e-14,1.7569796711488489e-09,0
2025-07-20T07:06:50,133,0,1.393378568694402e-15,1.9460027138190246e-09,0
2025-07-20T07:11:50,134,0,7.105296385885149e-16,1.0192089975704381e-09,0
2025-07-20T07:16:50,135,0,8.045272009607228e-16,1.8667512923776694e-10,0
2025-07-20T07:21:50,136,0,8.177912301340617e-16,6.672674201810054e-11,0
2025-07-20T07:26:50,137,0,7.070124803605455e-16,4.0976186972072075e-11,0
2025-07-20T07:31:50,132,0,1.935883702901566e-12,3.663244110374835e-10,0
2025-07-20T07:36:50,127,0,1.0875986446884343e-10,1.2393567242340352e-09,0
2025-07-20T07:41:50,118,0,5.3288984092874056e-08,1.1302775777016168e-07,0
2025-07-20T07:46:50,114,0,2.389100388028221e-09,8.155401271359114e-07,0
2025-07-20T07:51:50,110,0,3.5034735704799305e-10,5.563650479023591e-05,0
2025-07-20T07:56:50,97,0,0.0003570219863833984,0.008984397107791335,0
2025-07-20T08:01:50,108,0,5.303590830180521e-15,1.742854550364928e-05,0
2025-07-20T08:06:50,112,0,6.899115090287272e-17,0.0002226708752881918,0
2025-07-20T08:11:51,116,0,2.0665377460714256e-15,7.920586726521105e-07,0
2025-07-20T08:16:50,113,0,2.2219746363383274e-11,6.756496088228571e-07,0
2025-07-20T08:21:50,115,0,5.5501529792004674e-12,2.2087706493104108e-09,0
2025-07-20T08:26:50,110,0,9.12002310462234e-10,3.2603557513629683e-07,0
2025-07-20T08:31:50,112,0,2.588620131110143e-12,2.115039945940666e-08,0
2025-07-20T08:36:50,112,0,3.1734396540605594e-13,2.064666186202207e-07,0
2025-07-20T08:41:50,114,0,5.789781551414928e-14,1.4749777515982668e-08,0
2025-07-20T08:46:50,113,0,2.1722778308950747e-13,3.987940766799459e-09,0
2025-07-20T08:51:50,109,0,3.576645751937164e-10,7.006379981837377e-08,0
2025-07-20T08:56:50,104,0,1.7278478228250595e-08,2.219559232242198e-06,0
2025-07-20T09:01:50,99,0,1.086342162694126e-07,8.693175700747554e-05,0
2025-07-20T09:06:50,97,0,3.367924479750586e-09,0.0005383866504296275,0
2025-07-20T09:11:51,103,0,2.0603488056057783e-14,0.0001499461157862285,0
2025-07-20T09:16:50,110,0,2.247476555380528e-17,5.182055439130471e-06,0
2025-07-20T09:21:51,119,0,3.7379242694277e-19,1.1798817959703199e-08,0
2025-07-20T09:26:50,116,0,5.373707209319662e-13,5.462594098458508e-09,0
2025-07-20T09:31:50,110,0,5.4002658809453167e-08,2.907296836694103e-09,0
2025-07-20T09:36:51,103,0,1.8540531194315161e-06,2.636552456703269e-07,0
2025-07-20T09:41:50,95,0,2.0685166121139464e-05,6.627140935892988e-05,0
2025-07-20T09:46:50,92,0,5.364307980090111e-08,0.0021796528846264713,0
2025-07-20T09:51:51,80,0,0.0009199709271943157,0.5636666290185186,0
2025-07-20T09:56:50,77,0,1.582688577278525e-05,0.31806070615871807,0
2025-07-20T10:01:50,75,0,1.2221965334124766e-08,0.9591428019725404,0
2025-07-20T10:06:51,74,0,6.996660002780752e-09,0.970794770017723,0
2025-07-20T10:11:51,76,0,1.9120728240520003e-10,0.9672596982832871,0
2025-07-20T10:16:50,85,0,1.494606760466557e-13,0.053733905941022606,0
2025-07-20T10:21:51,110,0,1.3658001451440547e-25,1.2084614943234055e-07,0
2025-07-20T10:26:51,139,0,3.939182259077494e-34,3.669531815690388e-15,0
2025-07-20T10:31:50,157,0,2.066780392109893e-31,1.8400102234058947e-23,0
2025-07-20T10:36:50,185,0,1.017388647699729e-36,1.1947251555189193e-35,0
2025-07-20T10:41:50,205,0,4.258141406480645e-38,1.2019974208925257e-46,0
2025-07-20T10:46:50,213,0,4.3876249508407203e-32,7.668553513803927e-54,0
2025-07-20T10:51:50,221,0,2.3520476298748693e-31,4.7045655014174096e-60,0
2025-07-20T10:56:51,226,0,5.805869526355314e-31,5.220901350577121e-64,0
2025-07-20T11:01:51,231,0,1.5751725903868781e-31,1.1920477505942625e-65,0
2025-07-20T11:06:50,225,0,5.276530774226226e-25,1.7220118497699464e-61,0
2025-07-20T11:11:50,218,0,1.109332930914596e-19,1.0113687962138707e-54,0
2025-07-20T11:16:50,208,0,3.0533121139384277e-16,2.9741881220072406e-46,0
2025-07-20T11:21:51,188,0,8.356021668912949e-09,3.2100853757071555e-37,0
2025-07-20T11:26:50,187,0,3.8304563518530104e-16,4.2267852150231095e-31,0
2025-07-20T11:31:50,171,0,1.6561942177985976e-11,3.6511834177833564e-21,0
2025-07-20T11:36:50,153,0,1.367533811900182e-05,6.007484311084778e-16,0
2025-07-20T11:41:51,133,0,0.03664669065361486,9.728774033035935e-11,0
2025-07-20T11:46:51,132,0,2.91973950217823e-10,8.378976700146994e-11,0
2025-07-20T11:51:51,120,0,6.995140725782382e-08,3.7079986824362484e-07,0
2025-07-20T11:56:50,113,0,2.0484993365793605e-06,8.048592090289414e-10,0
2025-07-20T12:01:51,108,0,3.293474996391461e-07,7.477340071176858e-11,0
2025-07-20T12:06:51,108,0,3.125400940459155e-09,5.591908599537882e-13,0
2025-07-20T12:11:50,110,0,1.1072825204385538e-11,2.434297810404676e-13,0
2025-07-20T12:16:51,112,0,7.856719722064268e-12,5.964450915265949e-14,0
2025-07-20T12:21:51,115,0,1.2226908247968615e-12,3.3627401580246846e-14,0
2025-07-20T12:26:51,127,0,9.775808090372004e-19,1.0500544704919206e-15,0
2025-07-20T12:31:50,145,0,4.095394288070536e-26,4.565227945199702e-18,0
2025-07-20T12:36:50,160,0,1.3463763040358807e-27,3.9157087257122914e-20,0
2025-07-20T12:41:50,184,0,3.597183983797023e-34,1.3832335007918691e-27,0
2025-07-20T12:46:51,192,0,2.7826807636034e-29,6.848314277031464e-31,0
2025-07-20T12:51:50,204,0,1.9778406714697955e-29,2.136554999593201e-37,0
2025-07-20T12:56:50,211,0,4.236988096933729e-29,1.4410164135263627e-39,0
2025-07-20T13:01:50,214,0,1.435560996108782e-26,1.1853275375969037e-41,0
2025-07-20T13:06:51,209,0,5.541653191115738e-22,2.540269739711335e-40,0
2025-07-20T13:11:50,197,0,1.1682423091841023e-15,1.0079504438858206e-37,0
2025-07-20T13:16:51,182,0,2.881024187638874e-11,1.0152332177220162e-31,0
2025-07-20T13:21:51,168,0,9.664095162946628e-10,6.125165651440503e-25,0
2025-07-20T13:26:51,154,0,1.0145532690547159e-08,1.3560333495235304e-18,0
2025-07-20T13:31:51,140,0,4.776149137129511e-07,3.171326472342323e-13,0
2025-07-20T13:36:51,125,0,9.846412415768286e-05,1.4455464859962183e-09,0
2025-07-20T13:41:51,118,0,3.322653907749992e-07,6.495020276041834e-08,0
2025-07-20T13:46:50,118,0,7.406796750456897e-12,2.3774203999993883e-07,0
2025-07-20T13:51:51,121,0,1.7811771841862758e-14,1.6980379945146377e-08,0
2025-07-20T13:56:51,120,0,2.374220387990649e-12,3.485844265390871e-10,0
2025-07-20T14:01:50,114,0,9.811836336288652e-08,6.38773933109488e-12,0
2025-07-20T14:06:51,106,0,0.00011157835366991502,2.6708652814119636e-12,0
2025-07-20T14:11:51,102,0,4.3427262813639115e-06,1.4040809075234632e-11,0
2025-07-20T14:16:51,102,0,1.8058100908369672e-09,4.1901371027985057e-10,0
2025-07-20T14:21:51,101,0,3.7692400172531276e-10,1.3772274430402486e-08,0
2025-07-20T14:26:51,97,0,3.026774318334882e-08,1.567158112561648e-07,0
2025-07-20T14:31:51,95,0,2.3994133579257522e-08,7.473028692247705e-07,0
2025-07-20T14:36:51,92,0,5.6826742155151575e-08,5.048687414257174e-05,0
2025-07-20T14:41:51,91,0,1.0594516472533494e-08,0.000987531366102678,0
2025-07-20T14:46:50,91,0,1.0273500249303352e-09,0.00600201180545065,0
2025-07-20T14:51:51,92,0,1.5700635422490814e-10,0.002208733091887675,0
2025-07-20T14:56:50,82,0,0.0002315739575028631,0.05876915063192641,0
2025-07-20T15:01:51,79,0,4.964936454192618e-05,0.013108100662166196,0
2025-07-20T15:06:51,85,0,9.29237127764393e-12,0.01330755901967496,0
2025-07-20T15:11:51,85,0,7.263905440913461e-11,0.09038607574162029,0
2025-07-20T15:16:51,94,0,4.412205169941679e-15,0.0001301830832596511,0
2025-07-20T15:21:51,98,0,1.2681528939873065e-14,7.491275598503932e-06,0
2025-07-20T15:26:50,110,0,1.0788265809504445e-18,3.013779559733898e-10,0
2025-07-20T15:31:50,134,0,2.733895456024887e-29,1.0366444285668247e-15,0
2025-07-20T15:36:51,150,0,1.860250043603071e-29,1.0572363537895225e-20,0
2025-07-20T15:41:51,168,0,1.4308914972182663e-30,4.382265299105073e-28,0
2025-07-20T15:46:51,178,0,1.026530048888307e-28,2.837503649364737e-35,0
2025-07-20T15:51:51,190,0,9.968816464932496e-30,4.1199001785959644e-42,0
2025-07-20T15:56:51,186,0,5.236522781317462e-22,5.850533005669309e-40,0
2025-07-20T16:01:50,188,0,3.52715796348868e-22,2.900170588210549e-42,0
2025-07-20T16:06:51,179,0,3.6960035420048175e-17,1.3796878328180076e-36,0
2025-07-20T16:11:51,174,0,2.2165305571584927e-16,9.395826756953601e-35,0
2025-07-20T16:16:51,169,0,7.606107097132024e-17,3.976814505758309e-29,0
2025-07-20T16:21:51,176,0,1.3951107062206831e-22,9.598867013898082e-27,0
2025-07-20T16:26:51,172,0,3.376016468489775e-19,4.095665244444578e-22,0
2025-07-20T16:31:50,167,0,4.1628925381082055e-15,1.908911264858381e-20,0
2025-07-20T16:36:51,162,0,3.093491683045283e-14,1.2378365908324782e-17,0
2025-07-20T16:41:51,161,0,5.96387296924227e-16,2.272424562258213e-15,0
2025-07-20T16:46:51,160,0,2.5120266437837337e-17,6.027331664843605e-13,0
2025-07-20T16:51:51,153,0,1.5414188849723334e-13,1.58334772056534e-11,0
2025-07-20T16:56:51,144,0,2.6660123469322566e-10,4.672298619665348e-11,0
2025-07-20T17:01:51,135,0,6.697296666394014e-09,6.069269955550738e-10,0
2025-07-20T17:06:51,128,0,2.564762449798678e-09,1.2911302328985311e-08,0
2025-07-20T17:11:51,123,0,3.327510331851577e-10,6.675819998308811e-07,0
2025-07-20T17:16:51,117,0,2.371154268890373e-09,3.855941586910508e-06,0
2025-07-20T17:21:51,109,0,4.705579637305711e-07,1.5799331073651664e-05,0
2025-07-20T17:26:51,107,0,4.368018613634485e-09,5.704775799672353e-06,0
2025-07-20T17:31:51,105,0,5.859425683640725e-10,2.093330983537908e-05,0
2025-07-20T17:36:51,103,0,1.5217749360820504e-09,1.5790130341684355e-05,0
2025-07-20T17:41:51,101,0,3.3025250584669197e-09,1.2596521423542831e-05,0
2025-07-20T17:46:51,100,0,2.018501043670129e-09,4.47194193513916e-06,0
2025-07-20T17:51:51,103,0,4.7168990787333425e-12,1.1452835343160098e-06,0
2025-07-20T17:56:51,108,0,1.5532336487373802e-14,1.8594060672275594e-07,0
2025-07-20T18:01:51,112,0,6.191726724461452e-15,2.342794809891384e-08,0
2025-07-20T18:06:51,117,0,8.296135322615429e-16,7.32513573277461e-10,0
2025-07-20T18:11:51,122,0,9.16657065474262e-17,1.738771206537467e-11,0
2025-07-20T18:16:51,124,0,1.1373696966496932e-15,4.945783534016002e-12,0
2025-07-20T18:21:51,125,0,6.911735168487941e-15,1.516147177413375e-12,0
2025-07-20T18:26:52,127,0,1.2722820216075852e-15,4.4115255659306953e-13,0
2025-07-20T18:31:51,128,0,9.440962393966906e-16,3.499698265383679e-13,0
2025-07-20T18:36:51,127,0,1.1207829115597236e-14,5.71772747864706e-13,0
2025-07-20T18:41:51,127,0,1.0976160582266389e-14,9.937994980341725e-13,0
2025-07-20T18:46:51,129,0,5.717443659964248e-16,1.9008053921416368e-12,0
2025-07-20T18:51:51,128,0,9.223340103890077e-15,1.4136702280792542e-11,0
2025-07-20T18:56:51,128,0,1.8282904835085914e-14,2.295117446653244e-11,0
2025-07-20T19:01:51,130,0,1.052161213360908e-15,3.292534142593973e-11,0
2025-07-20T19:06:51,129,0,1.6459478504773548e-14,1.3537106111835815e-10,0
2025-07-20T19:11:51,128,0,8.235037221399945e-14,2.2477189562847382e-10,0
2025-07-20T19:16:51,125,0,1.9444525873182846e-12,1.5714944079021138e-09,0
2025-07-20T19:21:51,126,0,4.411878198729192e-14,1.2940390276077697e-09,0
2025-07-20T19:26:51,125,0,5.049429132742082e-14,8.73558985180035e-09,0
2025-07-20T19:31:51,126,0,1.2725198713705435e-14,2.9019744615079024e-09,0
2025-07-20T19:36:51,129,0,2.879945892603601e-16,1.3706428917011482e-09,0
2025-07-20T19:41:51,128,0,1.7195826236270867e-14,1.0991921960376658e-09,0
2025-07-20T19:46:51,129,0,1.0145693045028066e-14,2.6305801810563174e-10,0
2025-07-20T19:51:51,128,0,5.620658529863287e-14,7.559014498202389e-10,0
2025-07-20T19:56:51,127,0,1.6865695114450577e-13,7.631335156760386e-10,0
2025-07-20T20:01:51,128,0,8.99338320636933e-15,9.048353791362932e-10,0
2025-07-20T20:06:52,131,0,1.4886804661908294e-16,1.8531810935833384e-10,0
2025-07-20T20:11:51,131,0,1.6577193432277748e-15,2.7726671393144913e-10,0
2025-07-20T20:16:51,124,0,1.309451279524262e-10,1.6727977562471275e-09,0
2025-07-20T20:21:51,128,0,7.143716328739697e-15,1.0488147208163645e-10,0
2025-07-20T20:26:51,131,0,3.905228116445551e-17,9.912051829208314e-10,0
2025-07-20T20:31:52,131,0,1.5213555115782079e-15,5.524358342340747e-10,0
2025-07-20T20:36:51,130,0,3.154759032000398e-14,3.6549869873610507e-10,0
2025-07-20T20:41:51,129,0,1.3167729825014794e-13,1.1430340202613154e-10,0
2025-07-20T20:46:51,134,0,2.5654442982506276e-17,2.6086956755275125e-11,0
2025-07-20T20:51:51,124,0,2.6846047920623055e-10,1.3699641081172082e-08,0
2025-07-20T20:56:51,122,0,1.1877525555018097e-10,2.4600281724165256e-09,0
2025-07-20T21:01:52,123,0,4.5754396584011024e-14,3.052557989529787e-08,0
2025-07-20T21:06:52,128,0,2.2506856132019562e-17,1.951164642249735e-09,0
2025-07-20T21:11:51,131,0,1.1401217111870177e-17,3.401235687449093e-09,0
2025-07-20T21:16:52,131,0,3.931989483414663e-15,2.183357454886615e-10,0
2025-07-20T21:21:51,125,0,9.158620602872465e-11,7.841632089358223e-10,0
2025-07-20T21:26:51,124,0,6.597085507674443e-12,5.776029916288443e-10,0
2025-07-20T21:31:52,123,0,3.1146719921678434e-13,1.3819782990448775e-08,0
2025-07-20T21:36:51,124,0,2.337410467741709e-14,4.0085039937536387e-08,0
2025-07-20T21:41:51,126,0,9.239260420377554e-16,5.569551329117088e-09,0
2025-07-20T21:46:51,135,0,3.9074607950431516e-20,1.7728236269897543e-11,0
2025-07-20T21:51:51,141,0,1.1219037373557342e-20,1.6065196765550332e-12,0
2025-07-20T21:56:51,157,0,2.971070710281871e-26,1.2468461323237175e-16,0
2025-07-20T22:01:51,182,0,3.525462832825355e-35,4.770459059757025e-22,0
2025-07-20T22:06:52,202,0,2.267182176357724e-36,2.6893647890831653e-28,0
2025-07-20T22:11:51,217,0,1.9372412128928862e-34,9.787088142660736e-36,0
2025-07-20T22:16:51,224,0,6.2041268066511656e-30,8.959387855828004e-41,0
2025-07-20T22:21:52,233,0,1.7902396635221535e-30,3.9288399389903247e-45,0
2025-07-20T22:26:51,233,0,2.7405552420023376e-27,5.57547086180938e-45,0
2025-07-20T22:31:52,251,0,1.481067075171938e-36,5.410550302642074e-50,0
2025-07-20T22:36:52,258,0,9.307446216698282e-36,1.1633679561447113e-49,0
2025-07-20T22:41:51,251,0,1.7581301617580862e-25,8.291181313666126e-50,0
2025-07-20T22:46:52,237,0,2.0609278970464782e-17,1.3739311773380606e-45,0
2025-07-20T22:51:52,226,0,6.304932191514579e-16,5.582582868329577e-40,0
2025-07-20T22:56:51,223,0,3.9456935502653474e-21,2.0801330611560785e-33,0
2025-07-20T23:01:51,229,0,2.2651964564017653e-28,1.9838584367949136e-29,0
2025-07-20T23:06:52,229,0,3.177528008599069e-27,9.48644237801614e-27,0
2025-07-20T23:11:51,231,0,1.7288096866498366e-26,1.364918149203647e-26,0
2025-07-20T23:16:51,225,0,4.1434180559283683e-22,9.711648710080132e-25,0
2025-07-20T23:21:52,205,0,2.530213260912645e-11,3.443061745859637e-21,0
2025-07-20T23:26:51,213,0,3.6277328352088827e-23,7.218883687539838e-22,0
2025-07-20T23:31:52,202,0,3.455261165938317e-19,4.806956490961248e-17,0
2025-07-20T23:36:51,184,0,4.859592997533809e-10,7.953594280485382e-17,0
2025-07-20T23:41:52,165,0,3.7517554225888023e-06,4.4123977653860465e-15,0
2025-07-20T23:46:52,156,0,3.0380478058127243e-09,4.495028143985782e-15,0
2025-07-20T23:51:52,145,0,7.417290609388159e-10,2.6361144180764705e-11,0
2025-07-20T23:56:52,153,0,3.861204406651341e-19,5.33824805146512e-13,0
2025-07-21T00:01:52,144,0,2.7350253152322743e-13,4.099642165681898e-11,0
2025-07-21T00:06:51,136,0,2.3741089593429294e-08,8.855616333839246e-14,0
2025-07-21T00:11:51,130,0,8.041994009943202e-09,7.746138623940479e-14,0
2025-07-21T00:16:52,126,0,2.5141752614309766e-09,1.5236153711705475e-13,0
2025-07-21T00:21:51,122,0,5.952154336986857e-10,7.178861958282738e-12,0
2025-07-21T00:26:51,117,0,7.432247359981033e-09,1.3132931881352893e-11,0
2025-07-21T00:31:51,114,0,2.26174664984165e-09,3.135944532426687e-11,0
2025-07-21T00:36:51,108,0,8.920852375239129e-08,1.8587163452835907e-09,0
2025-07-21T00:41:52,100,0,2.0470334895599827e-05,2.616962390276881e-08,0
2025-07-21T00:46:52,93,0,0.00010924695872391088,1.415454857306008e-05,0
2025-07-21T00:51:52,90,0,1.0347768185012243e-06,0.0005235482639868748,0
2025-07-21T00:56:51,84,0,1.1900490060245828e-05,0.04347214470738494,0
2025-07-21T01:01:52,82,0,1.2089144358310036e-06,0.03285396749515004,0
2025-07-21T01:06:52,79,0,1.5570001481487138e-06,0.11957494700603324,0
2025-07-21T01:11:52,69,2,0.05581903030856939,0.6121071022462845,0
2025-07-21T01:16:51,64,0,0.008002916419480878,0.8634779910945724,0
2025-07-21T01:21:52,60,0,2.6588701648025732e-05,0.9949305170895432,0
2025-07-21T01:26:52,55,0,1.1051599226120195e-05,0.9996083320524165,2
2025-07-21T01:31:52,58,0,5.00314329229738e-09,0.9975997693242494,2
2025-07-21T01:36:51,53,0,5.555028389707906e-07,0.9997433567727727,2
2025-07-21T01:41:51,59,0,6.5356763001268465e-09,0.9497202477859303,0
2025-07-21T01:46:52,77,0,3.87794594893604e-18,0.008138865237952727,0
2025-07-21T01:51:52,94,0,4.862512322844224e-22,6.200625943100294e-07,0
2025-07-21T01:56:51,119,0,9.366007401907592e-29,4.446610477222313e-15,0
2025-07-21T02:01:52,138,0,4.9093907017757855e-30,1.725720271967278e-24,0
2025-07-21T02:06:51,137,0,4.851067872385061e-19,8.269005644579511e-29,0
2025-07-21T02:11:52,122,0,8.705581575491312e-07,7.364951019154088e-28,0
2025-07-21T02:16:52,145,0,5.148855307465225e-27,1.1624157880809733e-36,0
2025-07-21T02:21:51,166,0,8.996869067193281e-38,1.1622883084273844e-37,0
2025-07-21T02:26:52,185,0,3.5581796808264932e-40,6.087019401766594e-49,0
2025-07-21T02:31:51,197,0,5.1786886123212545e-36,8.055130080959844e-54,0
2025-07-21T02:36:52,205,0,1.392679122230261e-29,2.3734228367797158e-54,0
2025-07-21T02:41:52,209,0,2.732554892451803e-26,9.898880746822327e-52,0
2025-07-21T02:46:51,216,0,7.320678340526643e-27,1.0605001538854152e-48,0
2025-07-21T02:51:52,208,0,2.2619541621887193e-19,9.498464133080876e-43,0
2025-07-21T02:56:52,200,0,4.1059208249590433e-16,2.0691910403970168e-39,0
2025-07-21T03:01:52,186,0,3.484320762886275e-13,1.2846321563288338e-33,0
2025-07-21T03:06:51,161,0,0.0009083662250733539,2.5432067342226602e-23,0
2025-07-21T03:11:52,154,0,6.732635484911798e-10,1.177196519261927e-17,0
2025-07-21T03:16:52,166,0,4.117808458527951e-24,3.1026613225220762e-15,0
2025-07-21T03:21:51,189,0,2.0679407298350655e-35,3.410622765768337e-17,0
2025-07-21T03:26:52,205,0,6.537444457027645e-35,8.373296518487275e-21,0
2025-07-21T03:31:52,208,0,8.056356656007782e-26,1.5091436343108914e-24,0
2025-07-21T03:36:51,201,0,7.960559786241967e-17,3.0116810304125084e-25,0
2025-07-21T03:41:51,211,0,1.1967474687051453e-24,5.231318859548632e-27,0
2025-07-21T03:46:51,216,0,1.2617573366360664e-27,7.696887192127701e-25,0
2025-07-21T03:51:51,220,0,2.7637509874821772e-27,2.3821070266765648e-26,0
2025-07-21T03:56:51,219,0,3.5630817881974015e-25,3.2505522954742887e-28,0
2025-07-21T04:01:51,201,0,9.571445973552872e-14,1.270505569208536e-26,0
2025-07-21T04:06:51,194,0,5.267606388497614e-15,1.9068975114427157e-24,0
2025-07-21T04:11:51,190,0,1.648954109659905e-18,9.795422737422434e-20,0
2025-07-21T04:16:51,192,0,2.468530452322355e-22,3.180245500445689e-18,0
2025-07-21T04:21:51,196,0,5.831629851550503e-25,3.969462980237044e-18,0
2025-07-21T04:26:50,192,0,2.3464992297816523e-20,7.284354953794878e-19,0
2025-07-21T04:31:51,203,0,1.33394061220464e-26,4.788289692990869e-21,0
2025-07-21T04:36:51,204,0,7.631216656280538e-25,1.0907655092635392e-19,0
2025-07-21T04:41:52,203,0,1.7527341409128956e-21,1.0077094300889396e-20,0
2025-07-21T04:46:52,199,0,2.189771637580736e-19,5.696689611237504e-20,0
2025-07-21T04:51:52,194,0,7.052428928041003e-18,2.9190641003974415e-20,0
2025-07-21T04:56:52,191,0,4.677574597818789e-19,7.119403358651255e-19,0
2025-07-21T05:01:52,167,0,5.400815765724752e-07,1.475596877137554e-14,0
2025-07-21T05:06:52,156,0,9.43957559385819e-08,5.0529547887491786e-14,0
2025-07-21T05:11:51,154,0,6.726527082478568e-15,3.581830607452662e-11,0
2025-07-21T05:16:52,160,0,2.3840547383037656e-21,3.169316334378558e-11,0
2025-07-21T05:21:52,152,0,4.128680517552916e-15,2.2696008900419332e-09,0
2025-07-21T05:26:52,155,0,1.5201305855517312e-16,2.0734474516866508e-13,0
2025-07-21T05:31:52,157,0,3.2849429284125345e-18,1.7296594684465125e-13,0
2025-07-21T05:36:52,156,0,2.559440051983222e-16,4.560160520038464e-14,0
2025-07-21T05:41:52,152,0,4.006352424455327e-14,1.7672337825574932e-13,0
2025-07-21T05:46:52,148,0,9.112976433970799e-13,9.894354725200639e-14,0
2025-07-21T05:51:52,145,0,1.4399305984766268e-13,2.0779916468655098e-13,0
2025-07-21T05:56:52,145,0,1.1426727619545052e-15,4.914176914262886e-13,0
2025-07-21T06:01:52,144,0,8.119238168054804e-16,3.741189909683286e-12,0
2025-07-21T06:06:52,143,0,2.9769743166098383e-15,1.3796108357445966e-11,0
2025-07-21T06:11:52,112,0,0.9995937733568978,5.659757894050113e-10,1
2025-07-21T06:36:52,126,0,2.4508280175671118e-14,1.5269658979706955e-10,0
2025-07-21T06:41:52,124,0,2.2171071699097323e-16,0.0001091252369612907,0
2025-07-21T06:46:52,121,0,7.056809565437571e-12,1.2935697653772597e-06,0
2025-07-21T06:51:52,118,0,2.1314742169151326e-11,2.3859908776296817e-06,0
2025-07-21T06:56:52,112,0,5.76892672688363e-08,8.335643420841894e-08,0
2025-07-21T07:01:52,111,0,2.0113369492906851e-10,1.1944297361917482e-06,0
2025-07-21T07:06:52,108,0,3.36006648594519e-10,1.717035661557487e-05,0
2025-07-21T07:11:53,111,0,6.172956077207548e-13,2.764007137257802e-06,0
2025-07-21T07:16:52,112,0,2.7425841255811805e-13,5.598262948267439e-06,0
2025-07-21T07:21:52,114,0,5.338393155262727e-14,5.084571521966021e-09,0
2025-07-21T07:26:52,115,0,2.1181269829134556e-13,3.790239205118977e-08,0
2025-07-21T07:31:52,116,0,3.438723179713395e-13,8.645213725394707e-09,0
2025-07-21T07:36:52,115,0,2.5028822091808073e-12,1.9825511083153523e-08,0
2025-07-21T07:41:51,114,0,6.2157214750013435e-12,2.4555652532137133e-08,0
2025-07-21T07:46:51,114,0,9.636374645799395e-13,2.7229941871197094e-08,0
2025-07-21T07:51:51,114,0,4.725698091599102e-13,3.8755054957230547e-08,0
2025-07-21T07:56:51,118,0,1.3091015289663146e-15,4.123656435151173e-09,0
2025-07-21T08:01:51,116,0,3.760052354181001e-13,2.9512284891171425e-08,0
2025-07-21T08:06:51,112,0,2.6557327247296525e-10,3.995738739909397e-08,0
2025-07-21T08:11:51,115,0,1.2813433965703459e-13,1.650738633915804e-08,0
2025-07-21T08:16:51,118,0,1.7673313326711976e-15,2.7895354796609082e-08,0
2025-07-21T08:21:51,116,0,6.553810511744022e-13,9.703433878994612e-08,0
2025-07-21T08:26:51,120,0,4.129541439331361e-15,2.331279626980995e-09,0
2025-07-21T08:31:51,129,0,1.0573594561585287e-19,3.793204593725593e-11,0
2025-07-21T08:36:51,138,0,8.361098968736406e-22,5.583992865544445e-13,0
2025-07-21T08:41:52,153,0,2.5262400773506403e-26,4.861499420238182e-17,0
2025-07-21T08:46:51,168,0,9.89845734781406e-29,4.72160311684551e-21,0
2025-07-21T08:51:51,181,0,4.8537760285962547e-29,5.1388083573262056e-26,0
2025-07-21T08:56:52,189,0,3.0494234250764844e-27,4.6400794767394846e-30,0
2025-07-21T09:01:52,195,0,9.414341015929363e-26,9.437688230251638e-33,0
2025-07-21T09:06:51,195,0,1.0831920474060942e-22,8.231750582313497e-33,0
2025-07-21T09:11:52,190,0,4.655185551813453e-19,4.3243850566779507e-32,0
2025-07-21T09:16:51,180,0,6.993941012915978e-15,8.385518940140616e-29,0
2025-07-21T09:21:52,167,0,4.0254241401175846e-11,4.3086438651335194e-24,0
2025-07-21T09:26:51,155,0,5.632435317467417e-10,3.894386280420441e-19,0
2025-07-21T09:31:51,143,0,6.814882967417113e-09,4.105405461993324e-14,0
2025-07-21T09:36:51,134,0,3.2939767151587262e-09,1.1067141428220164e-10,0
2025-07-21T09:41:52,127,0,9.962950903484567e-10,3.468216005044317e-08,0
2025-07-21T09:46:52,122,0,4.1801724521338416e-10,4.050030705843818e-07,0
2025-07-21T09:51:51,120,0,2.8083913949229892e-11,4.809329808405664e-07,0
2025-07-21T09:56:51,116,0,5.168578280479329e-10,3.3955211184802464e-07,0
2025-07-21T10:01:51,114,0,5.816092737953318e-10,2.688829223847928e-08,0
2025-07-21T10:06:52,113,0,1.4258046662672382e-10,4.927237431715018e-09,0
2025-07-21T10:11:52,104,0,7.118886537381639e-06,2.0248816088860704e-08,0
2025-07-21T10:16:51,98,0,4.132965731097361e-05,2.3351720989356905e-08,0
2025-07-21T10:21:51,94,0,1.6082735768425197e-06,5.237238683306018e-07,0
2025-07-21T10:26:51,90,0,8.839849850275795e-07,2.158427355415171e-05,0
2025-07-21T10:31:51,88,0,8.184351415362947e-08,0.00040182801279364024,0
2025-07-21T10:36:51,86,0,7.069529374915194e-08,0.0022266949824644553,0
2025-07-21T10:41:51,86,0,9.733516530943408e-09,0.004081323953043825,0
2025-07-21T10:46:51,85,0,1.461647653612946e-08,0.011503053359869888,0
2025-07-21T10:51:51,84,0,3.902690677668167e-08,0.012170197457252794,0
2025-07-21T10:56:51,84,0,1.3296268532583521e-08,0.015383391914655679,0
2025-07-21T11:01:51,84,0,5.612002898200236e-09,0.006109740455986327,0
2025-07-21T11:06:53,85,0,9.040724562629275e-10,0.0019921857122361607,0
2025-07-21T11:11:53,87,0,8.268112025367187e-11,0.0005052413387086643,0
2025-07-21T11:16:52,89,0,2.3551372906914286e-11,8.878690963998657e-05,0
2025-07-21T11:21:53,90,0,4.8075527900304917e-11,3.2675859635326005e-05,0
2025-07-21T11:26:53,92,0,1.251939840060913e-11,6.070015740554843e-06,0
2025-07-21T11:31:53,93,0,1.652769753853506e-11,4.712056860677547e-06,0
2025-07-21T11:36:52,95,0,3.958539105241866e-12,1.0840964809489518e-06,0
2025-07-21T11:41:53,94,0,7.188038398321684e-11,1.902751652236145e-06,0
2025-07-21T11:46:52,94,0,9.884110570978912e-11,9.896466533769976e-07,0
2025-07-21T11:51:53,93,0,1.9149901677557996e-10,3.441667171454041e-06,0
2025-07-21T11:56:52,91,0,1.6705328492546196e-09,1.3934165672407739e-05,0
2025-07-21T12:01:52,89,0,4.415721202128409e-09,0.00010627848413711018,0
2025-07-21T12:06:53,91,0,3.416597597895031e-11,7.672810680694247e-05,0
2025-07-21T12:11:52,98,0,2.5575015341496694e-15,6.401098792094968e-06,0
2025-07-21T12:16:53,107,0,3.0352901954426923e-18,8.918461594972534e-08,0
2025-07-21T12:21:52,117,0,4.846124141972038e-20,9.159288967444099e-11,0
2025-07-21T12:26:53,126,0,2.0175324377820306e-20,9.545964606853917e-14,0
2025-07-21T12:31:52,129,0,1.5489322922497956e-17,1.19839911874712e-15,0
2025-07-21T12:36:52,129,0,6.361771462202004e-15,1.7588834842706375e-16,0
2025-07-21T12:41:53,131,0,6.853525759791313e-16,5.595603994650849e-17,0
2025-07-21T12:46:53,139,0,9.817995010414187e-21,1.9545242040300625e-18,0
2025-07-21T12:51:53,143,0,5.527923001650106e-21,4.531783953312725e-19,0
2025-07-21T12:56:52,142,0,2.072843201389744e-17,1.8153756739537858e-19,0
2025-07-21T13:01:53,147,0,2.1861629412476458e-19,2.0058637580651943e-20,0
2025-07-21T13:06:53,142,0,7.014075619226973e-15,1.2126735577472106e-17,0
2025-07-21T13:11:52,137,0,3.963045291791604e-12,8.319197552367682e-16,0
2025-07-21T13:16:52,137,0,1.2931272516910022e-14,5.873755791769705e-14,0
2025-07-21T13:21:52,133,0,2.6251665479732303e-13,8.339223995795174e-12,0
2025-07-21T13:26:53,129,0,2.5045252135825444e-12,2.4810866912743975e-10,0
2025-07-21T13:31:53,122,0,6.062381338282585e-10,1.6119687699323912e-08,0
2025-07-21T13:36:53,122,0,2.0268990368978768e-12,4.536011530015693e-08,0
2025-07-21T13:41:52,116,0,2.1971228786874366e-10,1.1198230610224629e-05,0
2025-07-21T13:46:52,109,0,1.0620540064167472e-07,3.048306983415641e-05,0
2025-07-21T13:51:52,100,0,2.2650282477873884e-05,0.0017755472000143976,0
2025-07-21T13:56:52,98,0,5.172566772477534e-08,0.0011023889769825105,0
2025-07-21T14:01:53,100,0,6.791695278520417e-12,0.0026178952802021513,0
2025-07-21T14:06:53,97,0,1.0394500759925853e-09,0.005237584645526015,0
2025-07-21T14:11:52,98,0,2.0521627674038275e-10,0.0001756773393066148,0
2025-07-21T14:16:53,100,0,1.0994757755747172e-11,2.9099715134407933e-05,0
2025-07-21T14:21:52,103,0,8.77153927352963e-13,3.336226683861202e-06,0
2025-07-21T14:26:53,105,0,8.279914522897431e-13,2.522168190997067e-06,0
2025-07-21T14:31:52,109,0,5.366288176390619e-14,6.608149025895357e-08,0
2025-07-21T14:36:53,112,0,1.6418392406945333e-14,8.159459226060098e-09,0
2025-07-21T14:41:53,116,0,1.3285959398953855e-15,1.3854892662032902e-10,0
2025-07-21T14:46:52,117,0,1.2198889734222306e-14,7.29086965305651e-11,0
2025-07-21T14:51:52,118,0,4.641837142475868e-14,3.28785477062175e-11,0
2025-07-21T14:56:53,121,0,1.1102022932460825e-15,6.034231290517773e-12,0
2025-07-21T15:01:53,123,0,6.444509160053296e-16,4.665213669564597e-12,0
2025-07-21T15:06:53,122,0,3.703752675341802e-14,1.0941111599878345e-11,0
2025-07-21T15:11:53,121,0,2.7065743035618017e-13,1.9005699334118822e-11,0
2025-07-21T15:16:53,119,0,1.4289914162801639e-12,1.284776984483712e-10,0
2025-07-21T15:21:53,118,0,9.255612972025726e-13,1.0152929988941042e-09,0
2025-07-21T15:26:53,115,0,1.0563133360227674e-11,2.3965713618062378e-08,0
2025-07-21T15:31:53,116,0,3.27522173017407e-13,2.98800665044557e-08,0
2025-07-21T15:36:53,117,0,3.6872926459185844e-14,7.086129698608344e-08,0
2025-07-21T15:41:53,111,0,6.155951509518528e-10,8.632272677034618e-07,0
2025-07-21T15:46:53,112,0,7.500263226488159e-12,2.55169586270341e-07,0
2025-07-21T15:51:52,112,0,9.066912074113553e-13,1.8251932843420212e-06,0
2025-07-21T15:56:53,112,0,1.3066303659519066e-12,1.3415523070594832e-06,0
2025-07-21T16:01:53,113,0,2.7875337409412023e-13,8.641096975859062e-07,0
2025-07-21T16:06:52,117,0,3.580909194679697e-15,3.554449440122692e-08,0
2025-07-21T16:11:53,119,0,4.19485508657602e-15,1.7013700606205635e-08,0
2025-07-21T16:16:53,122,0,1.631635836756381e-15,7.845536915282758e-10,0
2025-07-21T16:21:52,117,0,3.451553099018768e-11,7.647042774137003e-09,0
2025-07-21T16:26:51,114,0,4.184090081913848e-10,8.49327207299596e-09,0
2025-07-21T16:31:52,117,0,2.890174871065294e-14,5.6396432115020316e-09,0
2025-07-21T16:36:52,117,0,3.46533136330681e-14,4.198006964908005e-08,0
2025-07-21T16:41:52,116,0,4.92965116460058e-13,4.270321197889349e-08,0
2025-07-21T16:46:52,113,0,2.8363566546434963e-11,6.034477010118797e-08,0
2025-07-21T16:51:51,108,0,3.6731714416893715e-09,4.0331651892440174e-07,0
2025-07-21T16:56:52,110,0,1.794041237020083e-12,7.839788822021441e-07,0
2025-07-21T17:01:51,108,0,8.099376471837368e-12,1.9572161576253555e-05,0
2025-07-21T17:06:52,87,0,0.9692864154897071,0.0025854922508617346,0
2025-07-21T17:11:52,97,0,1.936227888089242e-11,2.686660779048536e-05,0
2025-07-21T17:16:51,106,0,9.389566880800951e-19,0.00047218202755344203,0
2025-07-21T17:21:51,107,0,1.4875235150408838e-14,7.276905574141408e-05,0
2025-07-21T17:26:52,105,0,6.639507382676687e-11,6.597345033765192e-06,0
2025-07-21T17:31:52,102,0,1.7964912534051084e-08,2.4002870224576747e-07,0
2025-07-21T17:36:52,100,0,4.045855042653228e-09,3.7564296498733465e-06,0
2025-07-21T17:41:52,96,0,1.6089640615471422e-08,0.0001306180876466457,0
2025-07-21T17:46:52,92,0,1.1267746273837951e-07,0.0015994970639736045,0
2025-07-21T17:51:52,94,0,7.093011217908859e-11,0.00074118175737912,0
2025-07-21T17:56:52,88,0,3.7001582584456924e-08,0.0006887781163121433,0
2025-07-21T18:01:52,94,0,1.4764312235407111e-12,5.062267745532547e-05,0
2025-07-21T18:06:52,92,0,1.3079977370689017e-10,0.00642271410008687,0
2025-07-21T18:11:52,91,0,5.826373278670364e-09,0.0005795229243469029,0
2025-07-21T18:16:51,85,0,3.0642697505074094e-06,0.0196921951738098,0
2025-07-21T18:21:52,86,0,1.5470774792983547e-08,0.0016076818781060023,0
2025-07-21T18:26:52,90,0,2.094407983293631e-12,0.00447695219699244,0
2025-07-21T18:31:52,94,0,1.6120131728794003e-13,0.00022531136004102614,0
2025-07-21T18:36:52,95,0,3.406090877388316e-12,2.1923005645971822e-05,0
2025-07-21T18:41:52,96,0,2.994828436905053e-11,2.166888044853783e-06,0
2025-07-21T18:46:52,99,0,7.39836258365911e-13,1.1335905783056991e-07,0
2025-07-21T18:51:52,105,0,2.2489518799815024e-15,4.914218760346313e-08,0
2025-07-21T18:56:52,109,0,1.0472802930882615e-15,5.43563035191221e-09,0
2025-07-21T19:01:52,113,0,1.0200077936299028e-15,1.0371768537474223e-10,0
2025-07-21T19:06:52,117,0,1.8821963590413503e-16,7.432827892354204e-13,0
2025-07-21T19:11:52,124,0,9.58208510709488e-19,1.0946405141807421e-14,0
2025-07-21T19:16:52,129,0,5.963133174950011e-19,3.3897490512564307e-15,0
2025-07-21T19:21:52,138,0,2.4584010469517733e-21,1.7100803187268335e-17,0
2025-07-21T19:26:52,152,0,3.1932356445391286e-26,4.9868586876558716e-21,0
2025-07-21T19:31:52,173,0,5.853903190552815e-33,5.903763649072551e-27,0
2025-07-21T19:36:52,203,0,6.633603748694585e-42,1.489054590784454e-35,0
2025-07-21T19:41:52,223,0,2.921018922195949e-40,1.2889665798968078e-42,0
2025-07-21T19:46:52,240,0,9.330053814072394e-38,2.3490376139558525e-51,0
2025-07-21T19:51:52,258,0,3.702895354152453e-39,5.883428874262627e-59,0
2025-07-21T19:56:52,255,0,7.495164096058971e-29,7.886792464281657e-60,0
2025-07-21T20:01:52,281,0,1.106498849951108e-41,2.0099622221515512e-67,0
2025-07-21T20:06:52,290,0,7.40375876587601e-41,2.759405772940266e-67,0
2025-07-21T20:11:52,291,0,4.435301616933508e-33,1.7937930229391753e-69,0
2025-07-21T20:16:52,294,0,1.1918817647046368e-32,2.164543408612412e-68,0
2025-07-21T20:21:52,297,0,1.6518271252917845e-32,2.542940726209682e-66,0
2025-07-21T20:26:52,305,0,3.1999030155475746e-36,4.431373745408437e-62,0
2025-07-21T20:31:52,307,0,9.913931562486815e-35,4.0569936245715844e-58,0
2025-07-21T20:36:52,303,0,3.889775347105323e-30,4.4607136444386693e-54,0
2025-07-21T20:41:52,298,0,3.187406037040854e-28,1.3445712849082407e-48,0
2025-07-21T20:46:52,296,0,4.616136012236071e-30,9.754666872195484e-44,0
2025-07-21T20:51:52,293,0,1.8953226555967675e-30,1.1690775976654264e-37,0
2025-07-21T20:56:52,293,0,5.652497712312966e-32,4.3382566665752783e-35,0
2025-07-21T21:01:53,297,0,5.894961555511109e-35,2.745865841035627e-34,0
2025-07-21T21:06:53,299,0,7.730370594172157e-35,6.884718182147498e-34,0
2025-07-21T21:11:52,291,0,1.2716180707832766e-28,8.746376445888005e-33,0
2025-07-21T21:16:52,285,0,1.0000030621181024e-26,4.0446467467744595e-32,0
2025-07-21T21:21:53,286,0,8.285072842389493e-31,2.503334891592299e-31,0
2025-07-21T21:26:52,286,0,3.8323978493553167e-32,3.57043543166354e-30,0
2025-07-21T21:31:52,286,0,4.672249250980429e-32,2.5385460145760116e-30,0
2025-07-21T21:36:52,283,0,5.952995895599418e-30,1.3053591345793173e-30,0
2025-07-21T21:41:53,273,0,1.0691535816435865e-24,6.356940866664984e-30,0
2025-07-21T21:46:52,265,0,1.547305017176194e-23,7.090814925197146e-29,0
2025-07-21T21:51:52,252,0,2.0281106519485032e-20,5.0962532177471696e-26,0
2025-07-21T21:56:53,233,0,1.0540260732044089e-14,2.5244202264366732e-23,0
2025-07-21T22:01:53,220,0,3.2840713506104524e-15,5.673710432759711e-22,0
2025-07-21T22:06:53,211,0,2.123252888343745e-17,1.167675251837384e-20,0
2025-07-21T22:11:52,195,0,5.46506881344336e-13,5.049877393290742e-19,0
2025-07-21T22:16:52,192,0,5.5441397311814546e-17,1.327631357309557e-20,0
2025-07-21T22:21:52,192,0,1.6278590090000938e-20,8.308216060218295e-21,0
2025-07-21T22:26:52,174,0,5.350384804263676e-10,9.994940896473042e-20,0
2025-07-21T22:31:53,154,0,0.008832601153607173,2.993019326887606e-20,0
2025-07-21T22:36:53,175,0,5.02940541708695e-24,8.532072873750191e-24,0
2025-07-21T22:41:52,175,0,8.030862874660752e-23,7.765793813501685e-20,0
2025-07-21T22:46:52,168,0,3.8093967453643126e-14,1.1035430143509666e-21,0
2025-07-21T22:51:53,161,0,2.0416589515521157e-11,9.692220934072764e-22,0
2025-07-21T22:56:52,157,0,5.638016730955345e-12,6.364457494549129e-21,0
2025-07-21T23:01:52,159,0,2.891325671390674e-17,1.0438810504861721e-17,0
2025-07-21T23:06:52,156,0,4.1420485837649114e-16,5.4860975613794505e-15,0
2025-07-21T23:11:52,148,0,1.3374210670149414e-11,2.1540651126535076e-13,0
2025-07-21T23:16:53,135,0,7.504966788517366e-07,7.608004336844353e-12,0
2025-07-21T23:21:52,132,0,9.900098906818482e-11,9.965279344477662e-12,0
2025-07-21T23:26:52,118,0,4.784800290681845e-06,2.1205336939788965e-06,0
2025-07-21T23:31:53,102,0,0.36631107627178044,5.07584355774023e-05,0
2025-07-21T23:36:52,85,0,0.9971442274711715,4.64332431277112e-05,1
2025-07-21T23:41:53,76,0,0.5340253883118259,0.048981699328137604,0
2025-07-21T23:46:53,65,2,0.12103143411132589,0.8383973471558074,0
2025-07-21T23:51:52,57,0,0.6561990671031066,0.27379361584456413,0
2025-07-21T23:56:52,56,0,0.0027085379406367404,0.3615231708604625,0
2025-07-22T00:01:52,50,0,0.26957586149477863,0.3543393768583401,0
2025-07-22T00:06:52,58,0,3.0014296334801824e-07,0.002413018999125282,0
2025-07-22T00:11:52,72,0,2.2708159571809467e-14,5.7717106708284376e-05,0
2025-07-22T00:16:52,76,0,5.393726171451051e-11,1.9657862163626274e-06,0
2025-07-22T00:21:52,75,0,1.6556726751654585e-06,1.0029420224088691e-07,0
2025-07-22T00:26:52,92,0,1.1851254366612342e-16,1.3491657551323301e-12,0
2025-07-22T00:31:52,106,0,9.848753132743405e-22,3.4204021845784525e-14,0
2025-07-22T00:36:52,97,0,7.1424751464463e-10,1.1920734586492378e-13,0
2025-07-22T00:41:52,99,0,2.1295631002443118e-11,1.399000496616539e-17,0
2025-07-22T00:46:53,75,0,0.9985463831126881,6.445068035137717e-12,1
2025-07-22T00:51:52,65,1,0.9780315152232502,3.3396975882198835e-09,0
2025-07-22T00:56:52,86,0,1.1570281738155837e-20,1.099519925498083e-07,0
2025-07-22T01:01:52,86,0,9.931765490179107e-16,0.003352435043358298,0
2025-07-22T01:06:52,86,0,9.270168672317899e-11,1.340349871780558e-05,0
2025-07-22T01:11:52,81,0,1.2676009879067774e-06,2.4963671784925735e-06,0
2025-07-22T01:16:52,80,0,2.786114006845025e-06,3.030834898496865e-05,0
2025-07-22T01:21:52,61,1,0.8381853894898285,0.1616955668761284,0
2025-07-22T01:26:52,73,0,6.193600546701993e-10,0.15256862021289413,0
2025-07-22T01:31:53,78,0,9.288502203006142e-16,0.9863797384386549,0
2025-07-22T01:36:52,85,0,1.1430416818842234e-14,9.602705522564595e-05,0
2025-07-22T01:41:52,94,0,1.0161511227222868e-17,4.020221286472001e-09,0
2025-07-22T01:46:53,82,0,0.00034508595351251387,2.8078871933691693e-05,0
2025-07-22T01:51:53,77,0,0.005558201323581269,5.48192444188787e-05,0
2025-07-22T01:56:52,77,0,2.1805286245533246e-07,0.00553720931591961,0
2025-07-22T02:01:53,78,0,1.0682222449392668e-09,0.02856294686521803,0
2025-07-22T02:06:53,82,0,2.4886731823790767e-12,0.015874005868095484,0
2025-07-22T02:11:53,82,0,1.6328974616372036e-11,3.3907896158325444e-06,0
2025-07-22T02:16:52,84,0,7.721060389113302e-11,9.923397186040894e-06,0
2025-07-22T02:21:53,84,0,4.940095883619942e-10,5.950573667655815e-05,0
2025-07-22T02:26:52,86,0,1.5454430163449133e-10,7.647501595570909e-05,0
2025-07-22T02:31:52,88,0,4.736072306534873e-11,0.0005321902942869365,0
2025-07-22T02:36:53,79,0,5.445488441455282e-05,0.0027757959309238764,0
2025-07-22T02:41:53,81,0,1.3916065942703737e-08,7.838933019835295e-05,0
2025-07-22T02:46:52,81,0,4.132013355079749e-10,0.002408186232529361,0
2025-07-22T02:51:53,89,0,1.3105627894198203e-14,2.688352329849562e-05,0
2025-07-22T02:56:52,107,0,2.7573900333574525e-23,1.2929233952474114e-08,0
2025-07-22T03:01:53,116,0,1.7440629900435785e-21,5.964617266809799e-12,0
2025-07-22T03:06:53,119,0,1.3518053018162335e-16,1.0376089697553914e-14,0
2025-07-22T03:11:53,120,0,2.921697352641339e-14,2.1849041190142245e-16,0
2025-07-22T03:16:53,124,0,5.840308093456089e-16,5.1440308295197274e-17,0
2025-07-22T03:21:53,127,0,3.7924474130511425e-17,4.3003645029801004e-16,0
2025-07-22T03:26:53,131,0,8.600553637816096e-19,1.760528092448952e-18,0
2025-07-22T03:31:53,135,0,2.0833212126560715e-19,2.705084466438015e-19,0
2025-07-22T03:36:52,138,0,3.1466902813615314e-19,1.5989661238621735e-20,0
2025-07-22T03:41:53,143,0,3.716871267815545e-20,1.3344662574067511e-20,0
2025-07-22T03:46:53,144,0,6.980765655532013e-18,1.945062137068256e-18,0
2025-07-22T03:51:53,145,0,7.05490922911911e-17,4.1734625444102636e-18,0
2025-07-22T03:56:52,142,0,1.0640176570430323e-14,1.3590310885477673e-16,0
2025-07-22T04:01:53,132,0,1.7211365009816105e-09,5.566165119583541e-14,0
2025-07-22T04:06:53,124,0,2.230501900916684e-08,4.3762920562751054e-11,0
2025-07-22T04:11:53,122,0,9.52784433045252e-12,7.717910097524433e-09,0
2025-07-22T04:16:53,121,0,1.6067384810191765e-13,4.5832261053603017e-07,0
2025-07-22T04:21:52,115,0,1.889946514318163e-10,1.1225888341904386e-05,0
2025-07-22T04:26:53,117,0,5.259080116096291e-13,6.281088652422948e-07,0
2025-07-22T04:31:52,120,0,3.832756007864629e-15,7.011983401237686e-07,0
2025-07-22T04:36:53,124,0,4.1275293196044657e-16,7.05189631401395e-08,0
2025-07-22T04:41:53,130,0,8.360321469607944e-18,2.944416042781862e-09,0
2025-07-22T04:46:53,129,0,2.116206116993718e-14,5.506453835270425e-10,0
2025-07-22T04:51:53,104,0,0.9910196895343487,9.080338081431127e-09,0
2025-07-22T04:56:53,107,0,5.8454551729783095e-08,6.646294520370289e-09,0
2025-07-22T05:01:53,103,0,9.804321044859488e-11,0.0004825594760458546,0
2025-07-22T05:06:52,104,0,4.606060591308016e-12,0.00019080062903062926,0
2025-07-22T05:11:53,103,0,3.1406550699117225e-12,0.0006005731655868682,0
2025-07-22T05:16:53,102,0,1.8129633883832928e-10,9.629017100069814e-06,0
2025-07-22T05:21:53,101,0,1.8976307387478394e-10,5.609890857951558e-05,0
2025-07-22T05:26:52,103,0,7.126564340054359e-12,2.269270687987115e-05,0
2025-07-22T05:31:53,86,0,0.18998619516731824,0.1071440270359831,0
2025-07-22T05:36:53,90,0,6.605512324953625e-08,0.0008142299849428505,0
2025-07-22T05:41:53,99,0,1.1289748826684072e-16,0.00014962500218225052,0
2025-07-22T05:46:52,101,0,2.5616272949001478e-14,7.013468895616882e-05,0
2025-07-22T05:51:53,116,0,5.81983917184991e-21,1.886725497779723e-09,0
2025-07-22T05:56:53,100,0,7.446569637952857e-06,1.1104199355091322e-06,0
2025-07-22T06:01:52,60,1,1.0,2.8414726491465382e-19,1
2025-07-22T06:11:53,95,0,2.6946268456423205e-19,7.853404664256497e-08,0
2025-07-22T06:21:54,116,0,1.3025427822898026e-31,0.00021727767990076984,0
2025-07-22T06:26:54,119,0,4.0892793718362145e-20,9.614790115024144e-08,0
2025-07-22T06:31:54,99,0,0.028931113116588303,1.8743791655697577e-09,0
2025-07-22T06:51:54,69,1,0.9999999999999887,2.5665274986349075e-21,1
2025-07-22T06:56:54,87,0,4.977317054538686e-12,1.593460033370382e-06,0
2025-07-22T07:01:54,105,0,9.255888117178333e-26,0.005045697708497143,0
2025-07-22T07:06:55,102,0,1.743710847685546e-14,0.012314492879408888,0
2025-07-22T07:21:54,104,0,6.619829464639557e-12,7.852369973521004e-09,0
2025-07-22T07:26:54,109,0,3.935323883974575e-16,2.696335575487162e-18,0
2025-07-22T07:31:54,111,0,4.673397166989325e-14,2.4883248051234827e-11,0
2025-07-22T07:36:54,113,0,1.1566834401893806e-13,4.590400477330288e-09,0
2025-07-22T07:41:54,119,0,5.291221889843743e-16,1.3253190631127544e-10,0
2025-07-22T07:46:55,120,0,2.9705729779883044e-15,1.853911875146219e-12,0
2025-07-22T07:51:54,119,0,5.507848053178391e-15,2.0266289971682886e-17,0
2025-07-22T07:56:54,101,0,0.0050718284510532455,1.782975116331752e-09,0
2025-07-22T08:01:54,96,0,0.00011768538623198632,2.4016000807610986e-07,0
2025-07-22T08:06:55,93,0,9.186304956683488e-09,0.0004781110594261416,0
2025-07-22T08:11:54,98,0,9.142669823619309e-14,0.00031780986960396415,0
2025-07-22T08:16:54,102,0,2.777213178734559e-15,0.000509957170113812,0
2025-07-22T08:21:54,108,0,8.94288097646801e-16,1.0839168786687615e-06,0
2025-07-22T08:26:54,105,0,4.2003442262663055e-11,1.8395143572667038e-06,0
2025-07-22T08:31:54,105,0,2.987291559774347e-10,2.3255243007481765e-07,0
2025-07-22T08:36:54,104,0,1.4836666279443457e-10,3.1547040183148252e-06,0
2025-07-22T08:41:54,102,0,7.589509850102375e-10,1.2758429404501001e-05,0
2025-07-22T08:46:55,99,0,1.2803890105519213e-09,8.042026385980003e-06,0
2025-07-22T08:51:54,104,0,5.581051619867244e-14,1.7329117647811202e-07,0
2025-07-22T08:56:54,95,0,6.190441901722178e-08,4.558777420228394e-05,0
2025-07-22T09:01:55,95,0,4.593250690928608e-09,6.840255407102641e-06,0
2025-07-22T09:06:54,98,0,9.581700767743864e-13,6.521308975353235e-05,0
2025-07-22T09:11:54,101,0,2.0752765328067496e-13,4.982627233311764e-05,0
2025-07-22T09:16:54,94,0,5.512832782660803e-08,0.0011649288593010342,0
2025-07-22T09:21:54,103,0,3.038937933074297e-14,3.71677652010708e-07,0
2025-07-22T09:26:54,103,0,2.1540788733128598e-13,1.1631504766541681e-05,0
2025-07-22T09:31:55,105,0,9.939676307882825e-13,2.3063768154021648e-07,0
2025-07-22T09:36:54,94,0,9.212420414507587e-06,6.606841544514514e-05,0
2025-07-22T09:41:55,101,0,4.227059247030072e-12,1.7770949116192372e-07,0
2025-07-22T09:46:54,109,0,2.793821040987318e-18,2.6829874652531887e-07,0
2025-07-22T09:51:55,106,0,1.2786527556337432e-12,3.1565600403407854e-07,0
2025-07-22T09:56:55,108,0,8.589314686416806e-13,1.412117553910612e-08,0
2025-07-22T10:01:54,108,0,2.6672789493825554e-12,1.2110674941976801e-08,0
2025-07-22T10:06:54,111,0,2.961292037115986e-14,9.076852238174281e-10,0
2025-07-22T10:11:55,117,0,4.652692271847151e-17,2.2526884198163614e-09,0
2025-07-22T10:16:54,121,0,5.801536407252274e-17,1.1719906198572222e-10,0
2025-07-22T10:21:54,132,0,4.304865515738924e-21,1.7053065352670527e-13,0
2025-07-22T10:26:54,128,0,3.595994880658797e-15,5.417178934665369e-14,0
2025-07-22T10:31:54,154,0,3.3751357328276774e-29,5.2183521609112676e-21,0
2025-07-22T10:36:55,160,0,2.465624274024191e-26,2.8320473352196898e-19,0
2025-07-22T10:41:55,160,0,6.337396911458128e-19,2.1624886483780756e-23,0
2025-07-22T10:46:55,161,0,1.6456067102043766e-18,9.250380156225076e-24,0
2025-07-22T10:51:55,164,0,8.352002829812886e-20,4.874440798735317e-25,0
2025-07-22T10:56:54,167,0,1.2879891982169626e-21,3.4496145830943454e-23,0
2025-07-22T11:01:54,168,0,1.0525153449128265e-20,1.603464582218222e-22,0
2025-07-22T11:06:54,140,0,0.007680296345749258,1.3396297388196651e-16,0
2025-07-22T11:11:54,163,0,7.479100481128295e-24,1.098162920365153e-21,0
2025-07-22T11:16:54,165,0,1.9996598015444137e-25,2.0574085859626966e-16,0
2025-07-22T11:21:54,165,0,5.238754060859918e-19,3.778030731059883e-17,0
2025-07-22T11:26:55,162,0,9.717599138991815e-17,5.590573393180694e-16,0
2025-07-22T11:31:54,154,0,1.4041359169512491e-11,1.51197526582187e-16,0
2025-07-22T11:36:54,147,0,1.858041286061633e-11,5.910334310456121e-13,0
2025-07-22T11:41:54,141,0,9.379868071122785e-12,1.2379323466188561e-10,0
2025-07-22T11:46:55,137,0,1.2187131275061165e-12,6.405536358472512e-09,0
2025-07-22T11:51:54,137,0,5.7680158329542574e-15,1.3985631801861455e-08,0
2025-07-22T11:56:55,143,0,1.2380178545277898e-19,2.772142784990033e-11,0
2025-07-22T12:01:55,152,0,1.7941976596792443e-22,7.307573083849825e-12,0
2025-07-22T12:06:54,146,0,1.0218799531639931e-14,1.4936422272438596e-11,0
2025-07-22T12:11:55,142,0,9.38078678446319e-12,7.754458121897003e-13,0
2025-07-22T12:16:55,140,0,3.9612087726892096e-13,6.735179804988168e-12,0
2025-07-22T12:21:54,138,0,7.23939579296926e-14,7.176315337908466e-11,0
2025-07-22T12:26:55,137,0,7.429074387955382e-15,3.710933719428002e-10,0
2025-07-22T12:31:54,130,0,2.771643901311832e-11,1.9325743199147337e-09,0
2025-07-22T12:36:54,126,0,5.516533847892794e-11,1.802011274612811e-09,0
2025-07-22T12:41:55,125,0,4.932439650145949e-13,1.5001844791638042e-08,0
2025-07-22T12:46:55,120,0,4.821325051190317e-11,7.558753534446082e-07,0
2025-07-22T12:51:55,117,0,1.1564584284543596e-10,4.122404977853805e-06,0
2025-07-22T12:56:55,115,0,3.120695257343666e-11,4.157375259727783e-06,0
2025-07-22T13:01:54,114,0,9.235730647504765e-12,3.2233515704189046e-06,0
2025-07-22T13:06:54,117,0,2.8619015293803914e-14,8.433446664309568e-07,0
2025-07-22T13:11:54,117,0,1.815297791316508e-13,4.765052304678011e-07,0
2025-07-22T13:16:53,115,0,1.831095556088315e-11,2.0464478237305152e-07,0
2025-07-22T13:21:54,113,0,6.63845470400973e-11,1.480885414021857e-07,0
2025-07-22T13:26:53,110,0,3.466503258476692e-10,5.076536662477807e-07,0
2025-07-22T13:31:53,110,0,1.1749101110748008e-11,1.2459811505110993e-06,0
2025-07-22T13:36:53,107,0,1.0988290191845179e-10,7.791227311247147e-06,0
2025-07-22T13:41:54,106,0,6.501891195932713e-11,4.308170176346445e-06,0
2025-07-22T13:46:54,107,0,1.853202612146656e-12,4.265941991513034e-06,0
2025-07-22T13:51:53,105,0,4.1985335697175476e-11,9.443156645423177e-06,0
2025-07-22T13:56:54,108,0,3.746759873615262e-13,2.2669311100741046e-06,0
2025-07-22T14:01:54,108,0,1.2029693316725022e-12,4.2441704925283004e-06,0
2025-07-22T14:06:53,107,0,2.3089554253862197e-11,1.5050225768843498e-06,0
2025-07-22T14:11:55,107,0,9.580870261433795e-12,1.1617343337097261e-06,0
2025-07-22T14:16:54,108,0,1.425364927157974e-12,4.149595047867236e-07,0
2025-07-22T14:21:55,109,0,4.88497759566847e-13,5.244117630977316e-07,0
2025-07-22T14:26:55,85,0,0.9973529109571982,4.806875284952616e-05,1
2025-07-22T14:31:54,100,0,1.321549216125691e-13,2.766792638097147e-07,0
2025-07-22T14:36:54,96,0,1.44964376861459e-12,0.059718438090179106,0
2025-07-22T14:41:55,106,0,2.524135393894672e-16,1.444869498297874e-06,0
2025-07-22T14:46:55,123,0,1.2063006193748049e-24,9.83477416105375e-09,0
2025-07-22T14:51:55,148,0,1.814962012264721e-31,4.6243890857773794e-17,0
2025-07-22T14:56:54,220,0,3.231206413977287e-64,2.819440739389113e-36,0
2025-07-22T15:01:55,229,0,3.740483376542686e-43,2.983891416211913e-42,0
2025-07-22T15:06:55,270,0,2.865658572909911e-48,6.158350904540579e-67,0
2025-07-22T15:11:55,301,0,4.21130810560631e-53,1.7885374103058096e-79,0
2025-07-22T15:16:55,318,0,4.003973253853859e-48,1.4952498097806893e-101,0
2025-07-22T15:21:55,331,0,1.554906048894077e-44,1.891792974134077e-105,0
2025-07-22T15:26:55,334,0,6.592552360940392e-39,7.664489753703457e-115,0
2025-07-22T15:31:55,314,0,1.64027928449709e-23,1.3769686889696504e-108,0
2025-07-22T17:11:55,257,0,0.9999992379149217,1.791688764223837e-96,1
2025-07-22T17:16:55,217,0,0.9999999995539322,3.012823801390953e-84,1
2025-07-22T17:21:55,248,0,1.4544642117971162e-33,2.0712056092252094e-62,0
2025-07-22T17:26:55,256,0,1.4595009958323777e-39,1.1485182241850958e-49,0
2025-07-22T17:31:54,239,0,1.2394350781882102e-19,4.4116287899395767e-44,0
2025-07-22T19:41:54,199,0,0.9998112538141709,1.8014633878367035e-41,1
2025-07-22T19:46:54,200,0,3.108842676622894e-11,9.10883578822538e-36,0
2025-07-22T19:51:54,212,0,5.865638241222173e-29,2.1427699410882016e-25,0
2025-07-22T19:56:54,220,0,2.1494331087353862e-30,2.209237584634049e-25,0
2025-07-22T20:01:54,233,0,2.586135545856836e-32,1.9333255342074252e-30,0
2025-07-22T20:06:54,236,0,2.840169043545109e-27,2.9071477845528348e-36,0
2025-07-22T20:11:54,239,0,6.758485522438645e-26,2.468875927367344e-39,0
2025-07-22T20:16:55,236,0,6.784006639501025e-23,2.037871598280702e-35,0
2025-07-22T20:21:56,229,0,1.581526036284403e-19,1.6533928755388997e-31,0
2025-07-22T20:26:54,221,0,1.0831142238201847e-18,1.426724157166031e-26,0
2025-07-22T20:31:55,214,0,1.8142855968107404e-19,6.031170913312281e-24,0
2025-07-22T20:36:56,197,0,2.147110531135973e-13,6.463394865799555e-20,0
2025-07-22T20:41:56,201,0,9.85610894146915e-22,1.9462346857547997e-20,0
2025-07-22T20:46:55,172,0,4.980206790050714e-07,1.1527406446749083e-13,0
2025-07-22T20:51:55,186,0,7.313987728159357e-22,2.6339538277159943e-18,0
2025-07-22T20:56:56,200,0,1.615478251451443e-32,8.380287937400525e-16,0
2025-07-22T21:01:55,208,0,3.023790185897417e-29,1.156380775503927e-19,0
2025-07-22T21:06:55,195,0,2.1171786841266035e-16,5.65258074252112e-19,0
2025-07-22T21:11:55,174,0,0.00015480072568979487,1.6342328183348365e-20,0
2025-07-22T21:16:56,167,0,5.887055158096718e-10,3.10892074971836e-18,0
2025-07-22T21:21:55,159,0,9.532651099956635e-13,1.218035575068466e-13,0
2025-07-22T21:26:55,155,0,8.425312581778582e-15,1.6744694532091768e-12,0
2025-07-22T21:31:55,159,0,1.769588485605897e-19,6.5999688236941e-13,0
2025-07-22T21:36:55,155,0,1.9382661770456034e-16,6.02998370297048e-14,0
2025-07-22T21:41:55,150,0,3.713571193507657e-13,1.3483205739190538e-13,0
2025-07-22T21:46:56,137,0,2.9280421885279794e-07,3.137357075935997e-11,0
2025-07-22T21:51:56,136,0,3.615125354749629e-11,4.0825520080613625e-11,0
2025-07-22T21:56:55,110,0,0.9572786273097824,4.203929447494697e-07,0
2025-07-22T22:01:55,92,0,0.9999764131099025,1.1414819471008036e-10,1
2025-07-22T22:06:55,90,0,1.3894628215900918e-05,6.523811949154885e-05,0
2025-07-22T22:11:55,82,0,6.864396816675883e-05,0.0019992415886436452,0
2025-07-22T22:16:55,93,0,4.1488959491539634e-14,1.0990164207037353e-05,0
2025-07-22T22:21:56,99,0,2.5175266223744287e-15,8.517165877922114e-06,0
2025-07-22T22:26:56,108,0,8.294973125762842e-16,3.3291289907088585e-09,0
2025-07-22T22:31:56,111,0,9.085983759529302e-14,7.518484861590037e-10,0
2025-07-22T22:36:56,117,0,2.2674581115663157e-14,7.916022188045149e-13,0
2025-07-22T22:41:56,120,0,2.1367586636164615e-14,3.690219569630245e-12,0
2025-07-22T22:46:56,132,0,1.9532866714253916e-20,2.3316889446284874e-16,0
2025-07-22T22:51:55,133,0,2.6747907394467244e-18,3.503764426113012e-17,0
2025-07-22T22:56:55,127,0,6.567225814768339e-12,4.1381805961065594e-17,0
2025-07-22T23:01:56,124,0,2.607550668786541e-12,3.2648936813104246e-17,0
2025-07-22T23:06:55,133,0,1.5532118438492526e-19,1.3554651700205272e-16,0
2025-07-22T23:11:56,139,0,1.2826930597812122e-21,3.161120786082846e-15,0
